Chan,Counts,Label
0,0,0
1,0,0
2,0,0
3,0,0
4,0,0
5,0,0
6,0,0
7,0,0
8,0,0
9,0,0
10,0,0
11,0,0
12,4,0
13,114,0
14,146,0
15,149,0
16,154,0
17,179,0
18,168,0
19,171,0
20,161,0
21,151,0
22,158,0
23,175,0
24,181,0
25,180,0
26,201,0
27,201,0
28,240,0
29,223,0
30,233,0
31,227,0
32,224,0
33,181,0
34,210,0
35,202,0
36,187,0
37,177,0
38,170,0
39,164,0
40,138,0
41,135,0
42,122,0
43,149,0
44,154,0
45,115,0
46,154,0
47,139,0
48,145,0
49,142,0
50,161,0
51,126,0
52,128,0
53,147,0
54,146,0
55,134,0
56,131,0
57,139,0
58,165,0
59,142,0
60,139,0
61,152,0
62,130,0
63,133,0
64,153,0
65,140,0
66,134,0
67,146,0
68,145,0
69,137,0
70,155,0
71,135,0
72,139,0
73,151,0
74,147,0
75,171,0
76,150,0
77,151,0
78,172,0
79,156,0
80,145,0
81,144,0
82,150,0
83,163,0
84,162,0
85,148,0
86,154,0
87,191,0
88,188,0
89,164,0
90,187,0
91,191,0
92,209,0
93,207,0
94,179,0
95,223,0
96,199,0
97,216,0
98,214,0
99,232,0
100,193,0
101,224,0
102,215,0
103,218,0
104,231,0
105,205,0
106,207,0
107,204,0
108,203,0
109,193,0
110,172,0
111,193,0
112,192,0
113,205,0
114,188,0
115,187,0
116,172,0
117,180,0
118,192,0
119,170,0
120,161,0
121,184,0
122,177,0
123,176,0
124,170,0
125,182,0
126,163,0
127,156,0
128,158,0
129,186,0
130,172,0
131,166,0
132,156,0
133,160,0
134,160,0
135,137,0
136,136,0
137,142,0
138,165,0
139,144,0
140,148,0
141,124,0
142,147,0
143,140,0
144,140,0
145,128,0
146,128,0
147,140,0
148,141,0
149,118,0
150,122,0
151,133,0
152,125,0
153,128,0
154,134,0
155,128,0
156,132,0
157,109,0
158,128,0
159,128,0
160,133,0
161,127,0
162,138,0
163,112,0
164,116,0
165,125,0
166,126,0
167,140,0
168,122,0
169,113,0
170,119,0
171,132,0
172,118,0
173,123,0
174,108,0
175,113,0
176,114,0
177,123,0
178,103,0
179,131,0
180,127,0
181,134,0
182,108,0
183,112,0
184,123,0
185,109,0
186,131,0
187,87,0
188,115,0
189,99,0
190,128,0
191,98,0
192,112,0
193,96,0
194,108,0
195,130,0
196,102,0
197,99,0
198,107,0
199,96,0
200,119,0
201,132,0
202,111,0
203,113,0
204,105,0
205,112,0
206,87,0
207,105,0
208,112,0
209,101,0
210,127,0
211,114,0
212,128,0
213,98,0
214,108,0
215,104,0
216,97,0
217,114,0
218,113,0
219,104,0
220,117,0
221,125,0
222,107,0
223,103,0
224,108,0
225,121,0
226,114,0
227,113,0
228,97,0
229,113,0
230,90,0
231,118,0
232,105,0
233,105,0
234,92,0
235,101,0
236,76,0
237,118,0
238,104,0
239,109,0
240,90,0
241,108,0
242,100,0
243,108,0
244,99,0
245,100,0
246,88,0
247,105,0
248,115,0
249,103,0
250,96,0
251,112,0
252,101,0
253,107,0
254,112,0
255,108,0
256,109,0
257,123,0
258,120,0
259,101,0
260,133,0
261,104,0
262,94,0
263,104,0
264,118,0
265,103,0
266,106,0
267,89,0
268,102,0
269,125,0
270,102,0
271,97,0
272,116,0
273,114,0
274,99,0
275,95,0
276,122,0
277,100,0
278,122,0
279,101,0
280,110,0
281,109,0
282,105,0
283,119,0
284,113,0
285,114,0
286,100,0
287,108,0
288,116,0
289,101,0
290,119,0
291,109,0
292,112,0
293,109,0
294,96,0
295,101,0
296,96,0
297,94,0
298,123,0
299,122,0
300,120,0
301,121,0
302,98,0
303,115,0
304,121,0
305,105,0
306,104,0
307,124,0
308,125,0
309,114,0
310,96,0
311,101,0
312,124,0
313,109,0
314,122,0
315,117,0
316,128,0
317,124,0
318,123,0
319,137,0
320,93,0
321,104,0
322,117,0
323,120,0
324,115,0
325,121,0
326,115,0
327,129,0
328,113,0
329,105,0
330,106,0
331,122,0
332,105,0
333,107,0
334,112,0
335,108,0
336,115,0
337,113,0
338,134,0
339,136,0
340,127,0
341,135,0
342,122,0
343,130,0
344,143,0
345,145,0
346,130,0
347,115,0
348,129,0
349,138,0
350,124,0
351,140,0
352,141,0
353,123,0
354,128,0
355,127,0
356,125,0
357,149,0
358,130,0
359,150,0
360,129,0
361,141,0
362,138,0
363,140,0
364,134,0
365,154,0
366,152,0
367,113,0
368,148,0
369,130,0
370,123,0
371,152,0
372,130,0
373,137,0
374,154,0
375,136,0
376,132,0
377,146,0
378,132,0
379,142,0
380,131,0
381,151,0
382,131,0
383,170,0
384,148,0
385,145,0
386,137,0
387,129,0
388,130,0
389,150,0
390,127,0
391,112,0
392,141,0
393,101,0
394,140,0
395,150,0
396,136,0
397,112,0
398,149,0
399,138,0
400,130,0
401,114,0
402,115,0
403,121,0
404,115,0
405,114,0
406,96,0
407,107,0
408,112,0
409,102,0
410,111,0
411,114,0
412,102,0
413,106,0
414,99,0
415,104,0
416,100,0
417,94,0
418,108,0
419,108,0
420,116,0
421,89,0
422,105,0
423,85,0
424,85,0
425,83,0
426,78,0
427,117,0
428,79,0
429,109,0
430,75,0
431,79,0
432,91,0
433,87,0
434,85,0
435,77,0
436,89,0
437,83,0
438,104,0
439,83,0
440,93,0
441,82,0
442,91,0
443,81,0
444,92,0
445,81,0
446,88,0
447,96,0
448,75,0
449,104,0
450,71,0
451,81,0
452,83,0
453,92,0
454,74,0
455,95,0
456,87,0
457,98,0
458,103,0
459,117,0
460,111,0
461,118,0
462,90,0
463,103,0
464,107,0
465,125,0
466,119,0
467,136,0
468,120,0
469,121,0
470,144,0
471,169,0
472,169,0
473,188,0
474,177,0
475,182,0
476,210,0
477,197,0
478,207,0
479,235,0
480,218,0
481,244,0
482,234,0
483,212,0
484,227,0
485,188,0
486,200,0
487,227,0
488,218,0
489,193,0
490,207,0
491,211,0
492,201,0
493,186,0
494,163,0
495,170,0
496,162,0
497,145,0
498,137,0
499,153,0
500,120,0
501,103,0
502,110,0
503,108,0
504,108,0
505,77,0
506,80,0
507,70,0
508,75,0
509,72,0
510,74,0
511,58,0
512,56,0
513,64,0
514,34,0
515,44,0
516,57,0
517,65,0
518,51,0
519,49,0
520,64,0
521,46,0
522,65,0
523,71,0
524,82,0
525,68,0
526,87,0
527,86,0
528,92,0
529,81,0
530,114,0
531,115,0
532,118,0
533,123,0
534,154,0
535,119,0
536,154,0
537,137,0
538,143,0
539,169,0
540,145,0
541,169,0
542,188,0
543,179,0
544,160,0
545,179,0
546,190,0
547,165,0
548,200,0
549,177,0
550,168,0
551,159,0
552,145,0
553,168,0
554,151,0
555,124,0
556,141,0
557,135,0
558,127,0
559,99,0
560,91,0
561,90,0
562,96,0
563,60,0
564,87,0
565,54,0
566,57,0
567,51,0
568,49,0
569,39,0
570,43,0
571,42,0
572,34,0
573,31,0
574,33,0
575,29,0
576,24,0
577,23,0
578,18,0
579,18,0
580,18,0
581,14,0
582,14,0
583,14,0
584,10,0
585,14,0
586,9,0
587,12,0
588,7,0
589,12,0
590,7,0
591,5,0
592,12,0
593,6,0
594,8,0
595,7,0
596,4,0
597,5,0
598,5,0
599,8,0
600,4,0
601,8,0
602,2,0
603,6,0
604,8,0
605,7,0
606,3,0
607,6,0
608,1,0
609,3,0
610,3,0
611,3,0
612,3,0
613,5,0
614,3,0
615,5,0
616,3,0
617,6,0
618,1,0
619,0,0
620,8,0
621,6,0
622,2,0
623,4,0
624,5,0
625,4,0
626,3,0
627,4,0
628,6,0
629,3,0
630,1,0
631,3,0
632,1,0
633,5,0
634,4,0
635,3,0
636,3,0
637,1,0
638,2,0
639,4,0
640,3,0
641,1,0
642,5,0
643,3,0
644,5,0
645,1,0
646,2,0
647,2,0
648,3,0
649,2,0
650,4,0
651,3,0
652,1,0
653,0,0
654,4,0
655,3,0
656,3,0
657,3,0
658,3,0
659,2,0
660,5,0
661,7,0
662,2,0
663,3,0
664,3,0
665,2,0
666,2,0
667,3,0
668,1,0
669,2,0
670,4,0
671,2,0
672,5,0
673,2,0
674,9,0
675,4,0
676,4,0
677,5,0
678,0,0
679,2,0
680,0,0
681,8,0
682,2,0
683,4,0
684,1,0
685,3,0
686,3,0
687,1,0
688,2,0
689,3,0
690,5,0
691,2,0
692,1,0
693,0,0
694,3,0
695,3,0
696,6,0
697,5,0
698,3,0
699,2,0
700,1,0
701,4,0
702,4,0
703,4,0
704,3,0
705,0,0
706,5,0
707,2,0
708,2,0
709,4,0
710,3,0
711,4,0
712,5,0
713,3,0
714,1,0
715,3,0
716,3,0
717,4,0
718,1,0
719,2,0
720,2,0
721,3,0
722,9,0
723,1,0
724,1,0
725,1,0
726,4,0
727,2,0
728,3,0
729,1,0
730,2,0
731,3,0
732,4,0
733,4,0
734,0,0
735,0,0
736,4,0
737,3,0
738,1,0
739,4,0
740,1,0
741,3,0
742,5,0
743,1,0
744,1,0
745,0,0
746,2,0
747,1,0
748,3,0
749,4,0
750,3,0
751,2,0
752,3,0
753,5,0
754,2,0
755,1,0
756,1,0
757,3,0
758,2,0
759,3,0
760,2,0
761,2,0
762,2,0
763,7,0
764,1,0
765,2,0
766,4,0
767,3,0
768,0,0
769,2,0
770,4,0
771,4,0
772,3,0
773,3,0
774,0,0
775,1,0
776,3,0
777,2,0
778,1,0
779,0,0
780,1,0
781,4,0
782,3,0
783,0,0
784,0,0
785,5,0
786,0,0
787,3,0
788,3,0
789,5,0
790,2,0
791,0,0
792,3,0
793,1,0
794,4,0
795,2,0
796,0,0
797,1,0
798,3,0
799,4,0
800,2,0
801,4,0
802,0,0
803,2,0
804,1,0
805,3,0
806,1,0
807,3,0
808,1,0
809,1,0
810,0,0
811,5,0
812,1,0
813,1,0
814,1,0
815,1,0
816,3,0
817,2,0
818,3,0
819,2,0
820,2,0
821,3,0
822,0,0
823,2,0
824,3,0
825,3,0
826,3,0
827,3,0
828,5,0
829,1,0
830,6,0
831,2,0
832,2,0
833,0,0
834,2,0
835,2,0
836,3,0
837,2,0
838,3,0
839,4,0
840,3,0
841,1,0
842,0,0
843,3,0
844,3,0
845,4,0
846,0,0
847,1,0
848,2,0
849,1,0
850,1,0
851,1,0
852,2,0
853,1,0
854,1,0
855,1,0
856,1,0
857,3,0
858,0,0
859,2,0
860,2,0
861,1,0
862,5,0
863,0,0
864,1,0
865,2,0
866,3,0
867,6,0
868,2,0
869,0,0
870,1,0
871,2,0
872,2,0
873,2,0
874,2,0
875,0,0
876,3,0
877,1,0
878,1,0
879,2,0
880,0,0
881,3,0
882,1,0
883,3,0
884,0,0
885,2,0
886,6,0
887,2,0
888,5,0
889,1,0
890,2,0
891,3,0
892,3,0
893,3,0
894,1,0
895,1,0
896,2,0
897,1,0
898,1,0
899,0,0
900,2,0
901,0,0
902,0,0
903,0,0
904,2,0
905,0,0
906,1,0
907,2,0
908,2,0
909,0,0
910,1,0
911,2,0
912,1,0
913,2,0
914,0,0
915,0,0
916,2,0
917,0,0
918,1,0
919,0,0
920,0,0
921,0,0
922,2,0
923,0,0
924,1,0
925,0,0
926,2,0
927,0,0
928,2,0
929,0,0
930,0,0
931,2,0
932,0,0
933,1,0
934,0,0
935,0,0
936,1,0
937,0,0
938,1,0
939,0,0
940,1,0
941,0,0
942,1,0
943,0,0
944,1,0
945,0,0
946,0,0
947,0,0
948,1,0
949,0,0
950,2,0
951,0,0
952,0,0
953,0,0
954,0,0
955,4,0
956,1,0
957,0,0
958,0,0
959,2,0
960,3,0
961,2,0
962,0,0
963,3,0
964,1,0
965,1,0
966,5,0
967,3,0
968,1,0
969,1,0
970,1,0
971,2,0
972,1,0
973,1,0
974,1,0
975,0,0
976,0,0
977,2,0
978,4,0
979,0,0
980,0,0
981,2,0
982,0,0
983,2,0
984,1,0
985,1,0
986,4,0
987,2,0
988,1,0
989,2,0
990,2,0
991,2,0
992,1,0
993,1,0
994,0,0
995,0,0
996,0,0
997,2,0
998,0,0
999,1,0
1000,1,0
1001,0,0
1002,1,0
1003,1,0
1004,2,0
1005,0,0
1006,0,0
1007,0,0
1008,0,0
1009,0,0
1010,0,0
1011,0,0
1012,1,0
1013,1,0
1014,0,0
1015,0,0
1016,0,0
1017,1,0
1018,0,0
1019,0,0
1020,0,0
1021,0,0
1022,0,0
1023,0,0
0,0,0
1,0,0
2,0,0
3,0,0
4,0,0
5,0,0
6,0,0
7,0,0
8,0,0
9,0,0
10,0,0
11,0,0
12,8,0
13,207,0
14,261,0
15,277,0
16,279,0
17,256,0
18,237,0
19,294,0
20,266,0
21,268,0
22,244,0
23,277,0
24,253,0
25,284,0
26,290,0
27,330,0
28,351,0
29,351,0
30,391,0
31,392,0
32,394,0
33,373,0
34,350,0
35,306,0
36,339,0
37,317,0
38,314,0
39,294,0
40,250,0
41,277,0
42,256,0
43,235,0
44,269,0
45,223,0
46,204,0
47,255,0
48,239,0
49,247,0
50,270,0
51,222,0
52,243,0
53,249,0
54,241,0
55,237,0
56,231,0
57,270,0
58,245,0
59,238,0
60,229,0
61,264,0
62,220,0
63,235,0
64,235,0
65,247,0
66,232,0
67,241,0
68,220,0
69,244,0
70,222,0
71,224,0
72,236,0
73,235,0
74,242,0
75,243,0
76,239,0
77,232,0
78,228,0
79,267,0
80,248,0
81,253,0
82,255,0
83,273,0
84,236,0
85,276,0
86,282,0
87,288,0
88,300,0
89,287,0
90,325,0
91,298,0
92,326,0
93,337,0
94,327,0
95,351,0
96,335,0
97,351,0
98,345,0
99,376,0
100,336,0
101,374,0
102,421,0
103,347,0
104,390,0
105,366,0
106,347,0
107,332,0
108,321,0
109,332,0
110,316,0
111,306,0
112,349,0
113,334,0
114,327,0
115,316,0
116,278,0
117,339,0
118,326,0
119,320,0
120,327,0
121,299,0
122,308,0
123,289,0
124,286,0
125,284,0
126,297,0
127,260,0
128,268,0
129,246,0
130,282,0
131,269,0
132,285,0
133,289,0
134,251,0
135,269,0
136,280,0
137,260,0
138,296,0
139,276,0
140,246,0
141,260,0
142,233,0
143,264,0
144,235,0
145,230,0
146,268,0
147,255,0
148,240,0
149,227,0
150,255,0
151,244,0
152,224,0
153,236,0
154,244,0
155,210,0
156,238,0
157,218,0
158,209,0
159,214,0
160,210,0
161,194,0
162,204,0
163,212,0
164,214,0
165,223,0
166,226,0
167,214,0
168,213,0
169,224,0
170,235,0
171,221,0
172,195,0
173,220,0
174,179,0
175,194,0
176,194,0
177,203,0
178,177,0
179,215,0
180,219,0
181,220,0
182,194,0
183,204,0
184,209,0
185,213,0
186,192,0
187,217,0
188,210,0
189,185,0
190,217,0
191,178,0
192,188,0
193,191,0
194,195,0
195,201,0
196,177,0
197,174,0
198,188,0
199,182,0
200,180,0
201,200,0
202,196,0
203,186,0
204,167,0
205,201,0
206,191,0
207,194,0
208,192,0
209,181,0
210,183,0
211,192,0
212,190,0
213,223,0
214,188,0
215,195,0
216,167,0
217,191,0
218,160,0
219,203,0
220,209,0
221,199,0
222,216,0
223,183,0
224,206,0
225,179,0
226,172,0
227,189,0
228,188,0
229,164,0
230,178,0
231,184,0
232,190,0
233,212,0
234,200,0
235,173,0
236,181,0
237,167,0
238,174,0
239,169,0
240,171,0
241,197,0
242,167,0
243,178,0
244,198,0
245,181,0
246,185,0
247,195,0
248,191,0
249,181,0
250,169,0
251,192,0
252,195,0
253,193,0
254,179,0
255,197,0
256,196,0
257,197,0
258,177,0
259,187,0
260,180,0
261,202,0
262,166,0
263,200,0
264,206,0
265,186,0
266,191,0
267,199,0
268,184,0
269,153,0
270,190,0
271,180,0
272,181,0
273,170,0
274,197,0
275,210,0
276,194,0
277,191,0
278,175,0
279,150,0
280,179,0
281,177,0
282,180,0
283,189,0
284,200,0
285,175,0
286,180,0
287,209,0
288,196,0
289,184,0
290,212,0
291,200,0
292,188,0
293,180,0
294,176,0
295,195,0
296,180,0
297,214,0
298,190,0
299,211,0
300,185,0
301,207,0
302,169,0
303,171,0
304,188,0
305,185,0
306,181,0
307,187,0
308,189,0
309,203,0
310,186,0
311,209,0
312,195,0
313,173,0
314,194,0
315,183,0
316,203,0
317,196,0
318,214,0
319,189,0
320,204,0
321,202,0
322,180,0
323,183,0
324,193,0
325,207,0
326,217,0
327,217,0
328,214,0
329,192,0
330,201,0
331,196,0
332,204,0
333,197,0
334,192,0
335,200,0
336,206,0
337,201,0
338,196,0
339,210,0
340,213,0
341,201,0
342,229,0
343,211,0
344,207,0
345,204,0
346,211,0
347,221,0
348,216,0
349,225,0
350,243,0
351,219,0
352,215,0
353,216,0
354,248,0
355,217,0
356,226,0
357,249,0
358,233,0
359,225,0
360,254,0
361,249,0
362,217,0
363,235,0
364,234,0
365,221,0
366,215,0
367,205,0
368,240,0
369,256,0
370,247,0
371,225,0
372,239,0
373,237,0
374,234,0
375,234,0
376,255,0
377,247,0
378,217,0
379,267,0
380,246,0
381,256,0
382,257,0
383,277,0
384,245,0
385,252,0
386,248,0
387,252,0
388,243,0
389,251,0
390,245,0
391,242,0
392,241,0
393,248,0
394,230,0
395,237,0
396,239,0
397,209,0
398,212,0
399,233,0
400,228,0
401,224,0
402,209,0
403,225,0
404,228,0
405,198,0
406,245,0
407,178,0
408,197,0
409,209,0
410,191,0
411,196,0
412,177,0
413,208,0
414,185,0
415,169,0
416,168,0
417,172,0
418,173,0
419,157,0
420,153,0
421,162,0
422,180,0
423,179,0
424,161,0
425,171,0
426,183,0
427,186,0
428,154,0
429,156,0
430,156,0
431,163,0
432,163,0
433,156,0
434,146,0
435,170,0
436,151,0
437,155,0
438,155,0
439,156,0
440,157,0
441,142,0
442,158,0
443,159,0
444,149,0
445,166,0
446,162,0
447,148,0
448,141,0
449,139,0
450,156,0
451,168,0
452,141,0
453,156,0
454,149,0
455,161,0
456,137,0
457,153,0
458,146,0
459,137,0
460,152,0
461,135,0
462,134,0
463,144,0
464,160,0
465,152,0
466,146,0
467,183,0
468,166,0
469,188,0
470,189,0
471,162,0
472,192,0
473,231,0
474,235,0
475,219,0
476,231,0
477,233,0
478,255,0
479,288,0
480,311,0
481,265,0
482,280,0
483,300,0
484,309,0
485,355,0
486,363,0
487,328,0
488,354,0
489,368,0
490,373,0
491,386,0
492,416,0
493,359,0
494,353,0
495,387,0
496,364,0
497,348,0
498,337,0
499,348,0
500,361,0
501,338,0
502,292,0
503,305,0
504,278,0
505,285,0
506,286,0
507,259,0
508,234,0
509,227,0
510,209,0
511,209,0
512,176,0
513,164,0
514,155,0
515,132,0
516,155,0
517,125,0
518,113,0
519,91,0
520,103,0
521,94,0
522,80,0
523,94,0
524,96,0
525,85,0
526,105,0
527,106,0
528,93,0
529,96,0
530,96,0
531,105,0
532,124,0
533,116,0
534,126,0
535,118,0
536,139,0
537,156,0
538,162,0
539,163,0
540,170,0
541,185,0
542,203,0
543,202,0
544,213,0
545,224,0
546,233,0
547,264,0
548,279,0
549,286,0
550,282,0
551,271,0
552,299,0
553,297,0
554,317,0
555,262,0
556,285,0
557,277,0
558,292,0
559,268,0
560,276,0
561,293,0
562,284,0
563,247,0
564,239,0
565,241,0
566,223,0
567,202,0
568,197,0
569,204,0
570,168,0
571,156,0
572,152,0
573,130,0
574,137,0
575,121,0
576,121,0
577,104,0
578,108,0
579,105,0
580,85,0
581,72,0
582,61,0
583,65,0
584,57,0
585,47,0
586,36,0
587,47,0
588,32,0
589,51,0
590,38,0
591,40,0
592,23,0
593,27,0
594,26,0
595,21,0
596,12,0
597,22,0
598,21,0
599,14,0
600,16,0
601,12,0
602,17,0
603,15,0
604,13,0
605,11,0
606,8,0
607,8,0
608,14,0
609,10,0
610,10,0
611,17,0
612,6,0
613,8,0
614,8,0
615,16,0
616,12,0
617,15,0
618,8,0
619,5,0
620,7,0
621,15,0
622,9,0
623,9,0
624,7,0
625,12,0
626,8,0
627,10,0
628,3,0
629,8,0
630,7,0
631,7,0
632,8,0
633,10,0
634,6,0
635,7,0
636,4,0
637,5,0
638,7,0
639,3,0
640,8,0
641,7,0
642,8,0
643,7,0
644,7,0
645,7,0
646,4,0
647,6,0
648,4,0
649,8,0
650,4,0
651,8,0
652,4,0
653,6,0
654,12,0
655,5,0
656,3,0
657,7,0
658,8,0
659,12,0
660,9,0
661,7,0
662,5,0
663,4,0
664,7,0
665,11,0
666,5,0
667,3,0
668,5,0
669,4,0
670,4,0
671,4,0
672,5,0
673,8,0
674,2,0
675,7,0
676,6,0
677,4,0
678,3,0
679,6,0
680,3,0
681,2,0
682,1,0
683,2,0
684,6,0
685,3,0
686,7,0
687,13,0
688,8,0
689,4,0
690,9,0
691,5,0
692,5,0
693,5,0
694,7,0
695,7,0
696,4,0
697,4,0
698,2,0
699,7,0
700,2,0
701,7,0
702,6,0
703,9,0
704,9,0
705,4,0
706,7,0
707,2,0
708,4,0
709,5,0
710,4,0
711,5,0
712,6,0
713,5,0
714,3,0
715,1,0
716,5,0
717,4,0
718,3,0
719,4,0
720,5,0
721,3,0
722,3,0
723,4,0
724,0,0
725,6,0
726,3,0
727,4,0
728,8,0
729,5,0
730,3,0
731,4,0
732,4,0
733,3,0
734,4,0
735,8,0
736,6,0
737,3,0
738,2,0
739,5,0
740,5,0
741,8,0
742,6,0
743,6,0
744,5,0
745,4,0
746,4,0
747,6,0
748,4,0
749,3,0
750,10,0
751,5,0
752,3,0
753,4,0
754,3,0
755,3,0
756,4,0
757,5,0
758,4,0
759,7,0
760,2,0
761,3,0
762,4,0
763,3,0
764,3,0
765,2,0
766,6,0
767,4,0
768,4,0
769,4,0
770,3,0
771,4,0
772,4,0
773,8,0
774,2,0
775,3,0
776,7,0
777,5,0
778,3,0
779,0,0
780,4,0
781,4,0
782,3,0
783,7,0
784,4,0
785,3,0
786,3,0
787,1,0
788,2,0
789,3,0
790,5,0
791,2,0
792,3,0
793,1,0
794,2,0
795,3,0
796,0,0
797,2,0
798,6,0
799,2,0
800,3,0
801,3,0
802,6,0
803,2,0
804,5,0
805,0,0
806,5,0
807,2,0
808,6,0
809,3,0
810,0,0
811,4,0
812,7,0
813,5,0
814,5,0
815,2,0
816,2,0
817,6,0
818,5,0
819,2,0
820,3,0
821,4,0
822,3,0
823,3,0
824,1,0
825,4,0
826,5,0
827,4,0
828,4,0
829,3,0
830,4,0
831,3,0
832,6,0
833,5,0
834,5,0
835,3,0
836,4,0
837,2,0
838,5,0
839,2,0
840,3,0
841,5,0
842,1,0
843,3,0
844,1,0
845,4,0
846,9,0
847,3,0
848,3,0
849,4,0
850,5,0
851,2,0
852,5,0
853,2,0
854,4,0
855,1,0
856,5,0
857,3,0
858,5,0
859,5,0
860,2,0
861,5,0
862,6,0
863,5,0
864,5,0
865,3,0
866,5,0
867,1,0
868,4,0
869,7,0
870,1,0
871,3,0
872,2,0
873,1,0
874,7,0
875,6,0
876,6,0
877,3,0
878,1,0
879,2,0
880,4,0
881,4,0
882,5,0
883,9,0
884,1,0
885,5,0
886,5,0
887,3,0
888,2,0
889,0,0
890,1,0
891,1,0
892,4,0
893,4,0
894,4,0
895,4,0
896,5,0
897,3,0
898,2,0
899,3,0
900,2,0
901,3,0
902,3,0
903,4,0
904,3,0
905,3,0
906,2,0
907,4,0
908,4,0
909,3,0
910,2,0
911,1,0
912,1,0
913,0,0
914,2,0
915,5,0
916,6,0
917,4,0
918,2,0
919,2,0
920,1,0
921,1,0
922,0,0
923,2,0
924,1,0
925,0,0
926,0,0
927,3,0
928,1,0
929,1,0
930,4,0
931,1,0
932,0,0
933,1,0
934,2,0
935,0,0
936,0,0
937,1,0
938,2,0
939,1,0
940,1,0
941,1,0
942,0,0
943,0,0
944,0,0
945,1,0
946,1,0
947,1,0
948,0,0
949,1,0
950,2,0
951,1,0
952,2,0
953,1,0
954,0,0
955,1,0
956,1,0
957,0,0
958,0,0
959,1,0
960,0,0
961,3,0
962,2,0
963,1,0
964,2,0
965,1,0
966,0,0
967,3,0
968,3,0
969,3,0
970,1,0
971,4,0
972,0,0
973,2,0
974,1,0
975,3,0
976,5,0
977,3,0
978,0,0
979,4,0
980,1,0
981,4,0
982,0,0
983,2,0
984,1,0
985,1,0
986,4,0
987,5,0
988,3,0
989,2,0
990,5,0
991,4,0
992,5,0
993,5,0
994,5,0
995,1,0
996,3,0
997,2,0
998,1,0
999,7,0
1000,2,0
1001,0,0
1002,1,0
1003,2,0
1004,2,0
1005,2,0
1006,0,0
1007,2,0
1008,1,0
1009,3,0
1010,0,0
1011,3,0
1012,1,0
1013,2,0
1014,6,0
1015,0,0
1016,0,0
1017,0,0
1018,2,0
1019,1,0
1020,0,0
1021,1,0
1022,1,0
1023,1,0
0,0,0
1,0,0
2,0,0
3,0,0
4,0,0
5,0,0
6,0,0
7,0,0
8,0,0
9,0,0
10,0,0
11,0,0
12,2,0
13,126,0
14,162,0
15,164,0
16,189,0
17,177,0
18,155,0
19,164,0
20,156,0
21,140,0
22,162,0
23,186,0
24,168,0
25,197,0
26,196,0
27,182,0
28,215,0
29,242,0
30,228,0
31,226,0
32,220,0
33,203,0
34,197,0
35,189,0
36,183,0
37,169,0
38,166,0
39,146,0
40,144,0
41,148,0
42,137,0
43,132,0
44,141,0
45,143,0
46,137,0
47,159,0
48,173,0
49,181,0
50,143,0
51,146,0
52,147,0
53,145,0
54,139,0
55,139,0
56,148,0
57,137,0
58,162,0
59,138,0
60,143,0
61,152,0
62,153,0
63,158,0
64,141,0
65,144,0
66,146,0
67,146,0
68,131,0
69,164,0
70,160,0
71,157,0
72,115,0
73,152,0
74,136,0
75,144,0
76,152,0
77,158,0
78,164,0
79,171,0
80,161,0
81,156,0
82,173,0
83,146,0
84,148,0
85,144,0
86,191,0
87,171,0
88,183,0
89,199,0
90,204,0
91,217,0
92,204,0
93,215,0
94,225,0
95,233,0
96,185,0
97,234,0
98,235,0
99,214,0
100,205,0
101,235,0
102,212,0
103,244,0
104,229,0
105,220,0
106,212,0
107,205,0
108,225,0
109,211,0
110,192,0
111,216,0
112,173,0
113,175,0
114,190,0
115,189,0
116,193,0
117,193,0
118,188,0
119,181,0
120,179,0
121,181,0
122,201,0
123,174,0
124,172,0
125,188,0
126,161,0
127,144,0
128,168,0
129,157,0
130,161,0
131,150,0
132,186,0
133,177,0
134,193,0
135,168,0
136,165,0
137,172,0
138,160,0
139,163,0
140,149,0
141,168,0
142,167,0
143,160,0
144,160,0
145,130,0
146,134,0
147,131,0
148,163,0
149,156,0
150,143,0
151,146,0
152,122,0
153,133,0
154,135,0
155,144,0
156,126,0
157,119,0
158,117,0
159,129,0
160,120,0
161,131,0
162,114,0
163,143,0
164,122,0
165,126,0
166,130,0
167,115,0
168,126,0
169,130,0
170,112,0
171,139,0
172,123,0
173,124,0
174,127,0
175,117,0
176,112,0
177,127,0
178,110,0
179,114,0
180,101,0
181,133,0
182,114,0
183,109,0
184,136,0
185,123,0
186,109,0
187,115,0
188,122,0
189,121,0
190,123,0
191,126,0
192,116,0
193,125,0
194,100,0
195,126,0
196,111,0
197,111,0
198,111,0
199,128,0
200,122,0
201,120,0
202,100,0
203,110,0
204,125,0
205,116,0
206,118,0
207,123,0
208,122,0
209,129,0
210,121,0
211,98,0
212,84,0
213,112,0
214,125,0
215,131,0
216,120,0
217,104,0
218,126,0
219,97,0
220,112,0
221,121,0
222,119,0
223,125,0
224,127,0
225,104,0
226,116,0
227,103,0
228,115,0
229,129,0
230,103,0
231,122,0
232,107,0
233,109,0
234,116,0
235,105,0
236,112,0
237,129,0
238,116,0
239,125,0
240,106,0
241,127,0
242,118,0
243,112,0
244,105,0
245,113,0
246,105,0
247,130,0
248,109,0
249,103,0
250,101,0
251,114,0
252,107,0
253,103,0
254,126,0
255,99,0
256,117,0
257,119,0
258,119,0
259,115,0
260,99,0
261,108,0
262,119,0
263,118,0
264,126,0
265,127,0
266,119,0
267,108,0
268,120,0
269,108,0
270,111,0
271,115,0
272,135,0
273,107,0
274,126,0
275,121,0
276,119,0
277,109,0
278,129,0
279,107,0
280,113,0
281,125,0
282,101,0
283,110,0
284,108,0
285,106,0
286,110,0
287,113,0
288,115,0
289,105,0
290,129,0
291,125,0
292,129,0
293,110,0
294,127,0
295,123,0
296,116,0
297,104,0
298,117,0
299,119,0
300,120,0
301,100,0
302,127,0
303,130,0
304,116,0
305,111,0
306,95,0
307,103,0
308,102,0
309,118,0
310,112,0
311,124,0
312,125,0
313,136,0
314,121,0
315,137,0
316,120,0
317,123,0
318,122,0
319,134,0
320,136,0
321,149,0
322,122,0
323,118,0
324,118,0
325,134,0
326,107,0
327,117,0
328,120,0
329,113,0
330,118,0
331,140,0
332,131,0
333,127,0
334,119,0
335,106,0
336,131,0
337,137,0
338,128,0
339,136,0
340,114,0
341,115,0
342,143,0
343,126,0
344,136,0
345,128,0
346,119,0
347,128,0
348,148,0
349,144,0
350,128,0
351,141,0
352,161,0
353,136,0
354,148,0
355,127,0
356,139,0
357,127,0
358,133,0
359,125,0
360,154,0
361,122,0
362,137,0
363,183,0
364,160,0
365,168,0
366,163,0
367,137,0
368,165,0
369,135,0
370,136,0
371,139,0
372,154,0
373,141,0
374,130,0
375,151,0
376,134,0
377,127,0
378,125,0
379,138,0
380,143,0
381,137,0
382,156,0
383,121,0
384,147,0
385,150,0
386,126,0
387,151,0
388,133,0
389,129,0
390,121,0
391,135,0
392,134,0
393,142,0
394,147,0
395,133,0
396,132,0
397,137,0
398,126,0
399,137,0
400,133,0
401,117,0
402,139,0
403,122,0
404,115,0
405,109,0
406,125,0
407,105,0
408,121,0
409,119,0
410,100,0
411,101,0
412,93,0
413,120,0
414,121,0
415,106,0
416,91,0
417,100,0
418,101,0
419,108,0
420,92,0
421,89,0
422,105,0
423,114,0
424,97,0
425,97,0
426,113,0
427,99,0
428,97,0
429,107,0
430,95,0
431,95,0
432,96,0
433,83,0
434,86,0
435,100,0
436,75,0
437,77,0
438,70,0
439,90,0
440,81,0
441,107,0
442,100,0
443,82,0
444,104,0
445,94,0
446,91,0
447,88,0
448,91,0
449,85,0
450,92,0
451,91,0
452,97,0
453,79,0
454,79,0
455,110,0
456,86,0
457,92,0
458,103,0
459,104,0
460,113,0
461,123,0
462,128,0
463,115,0
464,129,0
465,138,0
466,137,0
467,130,0
468,125,0
469,151,0
470,177,0
471,180,0
472,177,0
473,193,0
474,177,0
475,226,0
476,212,0
477,186,0
478,221,0
479,242,0
480,239,0
481,229,0
482,244,0
483,247,0
484,252,0
485,230,0
486,246,0
487,234,0
488,231,0
489,217,0
490,215,0
491,205,0
492,183,0
493,184,0
494,179,0
495,174,0
496,162,0
497,139,0
498,134,0
499,129,0
500,110,0
501,106,0
502,100,0
503,77,0
504,80,0
505,78,0
506,67,0
507,60,0
508,62,0
509,68,0
510,67,0
511,49,0
512,43,0
513,47,0
514,57,0
515,65,0
516,59,0
517,50,0
518,59,0
519,69,0
520,57,0
521,72,0
522,75,0
523,69,0
524,80,0
525,93,0
526,97,0
527,103,0
528,104,0
529,119,0
530,124,0
531,134,0
532,131,0
533,148,0
534,155,0
535,154,0
536,163,0
537,178,0
538,165,0
539,147,0
540,167,0
541,195,0
542,174,0
543,179,0
544,176,0
545,176,0
546,163,0
547,156,0
548,160,0
549,177,0
550,160,0
551,126,0
552,150,0
553,135,0
554,114,0
555,151,0
556,138,0
557,121,0
558,117,0
559,108,0
560,104,0
561,73,0
562,88,0
563,85,0
564,60,0
565,69,0
566,52,0
567,51,0
568,50,0
569,50,0
570,43,0
571,28,0
572,25,0
573,33,0
574,22,0
575,17,0
576,21,0
577,25,0
578,17,0
579,14,0
580,16,0
581,12,0
582,11,0
583,15,0
584,8,0
585,11,0
586,9,0
587,8,0
588,12,0
589,13,0
590,7,0
591,10,0
592,11,0
593,9,0
594,8,0
595,7,0
596,8,0
597,9,0
598,7,0
599,6,0
600,4,0
601,6,0
602,8,0
603,6,0
604,2,0
605,4,0
606,9,0
607,3,0
608,2,0
609,7,0
610,5,0
611,6,0
612,10,0
613,9,0
614,4,0
615,5,0
616,5,0
617,5,0
618,6,0
619,6,0
620,7,0
621,1,0
622,5,0
623,4,0
624,4,0
625,3,0
626,6,0
627,8,0
628,1,0
629,2,0
630,5,0
631,8,0
632,2,0
633,3,0
634,5,0
635,3,0
636,6,0
637,0,0
638,4,0
639,4,0
640,2,0
641,6,0
642,2,0
643,6,0
644,5,0
645,4,0
646,3,0
647,3,0
648,4,0
649,4,0
650,4,0
651,1,0
652,1,0
653,6,0
654,5,0
655,2,0
656,3,0
657,4,0
658,4,0
659,4,0
660,7,0
661,4,0
662,2,0
663,2,0
664,7,0
665,2,0
666,2,0
667,5,0
668,1,0
669,2,0
670,4,0
671,4,0
672,5,0
673,3,0
674,2,0
675,5,0
676,1,0
677,3,0
678,7,0
679,3,0
680,1,0
681,1,0
682,4,0
683,4,0
684,5,0
685,6,0
686,4,0
687,1,0
688,3,0
689,3,0
690,3,0
691,5,0
692,3,0
693,1,0
694,2,0
695,2,0
696,5,0
697,4,0
698,2,0
699,5,0
700,3,0
701,0,0
702,4,0
703,2,0
704,0,0
705,2,0
706,2,0
707,3,0
708,6,0
709,1,0
710,4,0
711,3,0
712,4,0
713,4,0
714,3,0
715,2,0
716,4,0
717,3,0
718,2,0
719,5,0
720,1,0
721,7,0
722,5,0
723,4,0
724,3,0
725,1,0
726,3,0
727,3,0
728,2,0
729,1,0
730,1,0
731,3,0
732,3,0
733,1,0
734,4,0
735,4,0
736,4,0
737,2,0
738,2,0
739,3,0
740,3,0
741,4,0
742,3,0
743,2,0
744,0,0
745,9,0
746,3,0
747,4,0
748,2,0
749,2,0
750,4,0
751,2,0
752,4,0
753,2,0
754,4,0
755,2,0
756,3,0
757,2,0
758,5,0
759,0,0
760,2,0
761,3,0
762,3,0
763,9,0
764,3,0
765,3,0
766,3,0
767,0,0
768,1,0
769,4,0
770,3,0
771,2,0
772,5,0
773,1,0
774,2,0
775,2,0
776,2,0
777,2,0
778,1,0
779,2,0
780,5,0
781,0,0
782,0,0
783,3,0
784,3,0
785,0,0
786,1,0
787,3,0
788,4,0
789,4,0
790,5,0
791,0,0
792,2,0
793,1,0
794,2,0
795,3,0
796,4,0
797,2,0
798,4,0
799,3,0
800,2,0
801,0,0
802,0,0
803,0,0
804,2,0
805,2,0
806,4,0
807,1,0
808,3,0
809,2,0
810,3,0
811,2,0
812,2,0
813,4,0
814,3,0
815,1,0
816,3,0
817,2,0
818,2,0
819,1,0
820,5,0
821,4,0
822,1,0
823,0,0
824,2,0
825,1,0
826,2,0
827,0,0
828,3,0
829,2,0
830,0,0
831,3,0
832,4,0
833,1,0
834,3,0
835,3,0
836,2,0
837,2,0
838,3,0
839,2,0
840,2,0
841,3,0
842,0,0
843,1,0
844,0,0
845,4,0
846,2,0
847,2,0
848,2,0
849,3,0
850,1,0
851,2,0
852,5,0
853,5,0
854,4,0
855,3,0
856,4,0
857,0,0
858,4,0
859,1,0
860,5,0
861,1,0
862,3,0
863,1,0
864,2,0
865,2,0
866,1,0
867,1,0
868,0,0
869,2,0
870,1,0
871,1,0
872,1,0
873,2,0
874,6,0
875,2,0
876,3,0
877,3,0
878,1,0
879,2,0
880,3,0
881,7,0
882,2,0
883,0,0
884,3,0
885,1,0
886,0,0
887,2,0
888,1,0
889,0,0
890,1,0
891,1,0
892,4,0
893,2,0
894,1,0
895,1,0
896,0,0
897,0,0
898,2,0
899,1,0
900,3,0
901,3,0
902,3,0
903,2,0
904,2,0
905,0,0
906,1,0
907,0,0
908,1,0
909,1,0
910,0,0
911,1,0
912,0,0
913,0,0
914,0,0
915,0,0
916,1,0
917,0,0
918,0,0
919,1,0
920,0,0
921,0,0
922,0,0
923,1,0
924,0,0
925,0,0
926,0,0
927,0,0
928,0,0
929,0,0
930,0,0
931,0,0
932,2,0
933,0,0
934,1,0
935,0,0
936,2,0
937,0,0
938,0,0
939,1,0
940,0,0
941,1,0
942,1,0
943,0,0
944,2,0
945,0,0
946,0,0
947,2,0
948,0,0
949,3,0
950,0,0
951,2,0
952,1,0
953,0,0
954,2,0
955,0,0
956,1,0
957,4,0
958,2,0
959,1,0
960,1,0
961,1,0
962,1,0
963,1,0
964,2,0
965,2,0
966,0,0
967,3,0
968,3,0
969,3,0
970,2,0
971,5,0
972,1,0
973,1,0
974,2,0
975,2,0
976,1,0
977,2,0
978,1,0
979,4,0
980,3,0
981,4,0
982,0,0
983,3,0
984,2,0
985,0,0
986,1,0
987,1,0
988,1,0
989,0,0
990,2,0
991,2,0
992,0,0
993,2,0
994,1,0
995,0,0
996,0,0
997,0,0
998,1,0
999,0,0
1000,1,0
1001,0,0
1002,0,0
1003,0,0
1004,0,0
1005,1,0
1006,0,0
1007,1,0
1008,0,0
1009,0,0
1010,0,0
1011,0,0
1012,0,0
1013,0,0
1014,0,0
1015,0,0
1016,0,0
1017,0,0
1018,0,0
1019,0,0
1020,1,0
1021,0,0
1022,0,0
1023,0,0
0,0,0
1,0,0
2,0,0
3,0,0
4,0,0
5,0,0
6,0,0
7,0,0
8,0,0
9,0,0
10,0,0
11,0,0
12,0,0
13,196,0
14,269,0
15,289,0
16,278,0
17,241,0
18,273,0
19,254,0
20,253,0
21,262,0
22,236,0
23,277,0
24,249,0
25,318,0
26,346,0
27,366,0
28,368,0
29,380,0
30,397,0
31,387,0
32,386,0
33,370,0
34,359,0
35,311,0
36,290,0
37,271,0
38,265,0
39,222,0
40,286,0
41,238,0
42,223,0
43,238,0
44,249,0
45,248,0
46,234,0
47,241,0
48,262,0
49,266,0
50,248,0
51,227,0
52,250,0
53,237,0
54,226,0
55,259,0
56,248,0
57,239,0
58,253,0
59,204,0
60,261,0
61,260,0
62,255,0
63,236,0
64,220,0
65,257,0
66,254,0
67,254,0
68,241,0
69,238,0
70,227,0
71,251,0
72,232,0
73,247,0
74,285,0
75,247,0
76,257,0
77,250,0
78,237,0
79,248,0
80,286,0
81,269,0
82,253,0
83,274,0
84,260,0
85,276,0
86,312,0
87,296,0
88,274,0
89,300,0
90,301,0
91,318,0
92,340,0
93,332,0
94,355,0
95,363,0
96,349,0
97,368,0
98,369,0
99,404,0
100,388,0
101,344,0
102,396,0
103,384,0
104,340,0
105,364,0
106,338,0
107,340,0
108,364,0
109,357,0
110,343,0
111,357,0
112,330,0
113,307,0
114,310,0
115,311,0
116,319,0
117,305,0
118,292,0
119,278,0
120,344,0
121,314,0
122,283,0
123,298,0
124,310,0
125,301,0
126,293,0
127,272,0
128,266,0
129,296,0
130,274,0
131,258,0
132,288,0
133,264,0
134,283,0
135,311,0
136,260,0
137,270,0
138,245,0
139,233,0
140,238,0
141,247,0
142,255,0
143,252,0
144,249,0
145,271,0
146,271,0
147,239,0
148,236,0
149,245,0
150,229,0
151,232,0
152,215,0
153,215,0
154,235,0
155,236,0
156,239,0
157,220,0
158,198,0
159,246,0
160,229,0
161,215,0
162,224,0
163,212,0
164,214,0
165,219,0
166,212,0
167,202,0
168,215,0
169,238,0
170,238,0
171,201,0
172,222,0
173,212,0
174,209,0
175,214,0
176,204,0
177,201,0
178,201,0
179,208,0
180,191,0
181,207,0
182,222,0
183,173,0
184,227,0
185,189,0
186,237,0
187,227,0
188,202,0
189,223,0
190,196,0
191,200,0
192,190,0
193,208,0
194,203,0
195,193,0
196,190,0
197,187,0
198,188,0
199,186,0
200,168,0
201,177,0
202,187,0
203,184,0
204,170,0
205,208,0
206,200,0
207,199,0
208,192,0
209,187,0
210,182,0
211,190,0
212,192,0
213,195,0
214,201,0
215,174,0
216,183,0
217,175,0
218,183,0
219,186,0
220,167,0
221,166,0
222,191,0
223,180,0
224,192,0
225,211,0
226,200,0
227,194,0
228,180,0
229,181,0
230,192,0
231,190,0
232,183,0
233,215,0
234,204,0
235,198,0
236,175,0
237,172,0
238,184,0
239,192,0
240,194,0
241,176,0
242,188,0
243,177,0
244,176,0
245,178,0
246,177,0
247,187,0
248,193,0
249,191,0
250,169,0
251,173,0
252,173,0
253,192,0
254,176,0
255,182,0
256,183,0
257,166,0
258,176,0
259,185,0
260,181,0
261,180,0
262,163,0
263,203,0
264,166,0
265,183,0
266,226,0
267,203,0
268,178,0
269,187,0
270,175,0
271,215,0
272,166,0
273,182,0
274,231,0
275,178,0
276,201,0
277,202,0
278,185,0
279,188,0
280,171,0
281,204,0
282,191,0
283,182,0
284,183,0
285,222,0
286,186,0
287,172,0
288,191,0
289,175,0
290,194,0
291,180,0
292,163,0
293,183,0
294,170,0
295,197,0
296,201,0
297,184,0
298,191,0
299,179,0
300,163,0
301,180,0
302,200,0
303,197,0
304,169,0
305,183,0
306,194,0
307,202,0
308,177,0
309,180,0
310,215,0
311,178,0
312,213,0
313,202,0
314,191,0
315,199,0
316,171,0
317,217,0
318,207,0
319,190,0
320,201,0
321,213,0
322,205,0
323,195,0
324,195,0
325,192,0
326,208,0
327,198,0
328,196,0
329,184,0
330,203,0
331,211,0
332,183,0
333,219,0
334,197,0
335,224,0
336,196,0
337,214,0
338,204,0
339,195,0
340,226,0
341,211,0
342,191,0
343,232,0
344,227,0
345,236,0
346,253,0
347,235,0
348,199,0
349,225,0
350,214,0
351,224,0
352,244,0
353,247,0
354,267,0
355,236,0
356,215,0
357,229,0
358,216,0
359,270,0
360,220,0
361,261,0
362,221,0
363,223,0
364,229,0
365,272,0
366,247,0
367,229,0
368,238,0
369,231,0
370,240,0
371,221,0
372,249,0
373,250,0
374,249,0
375,206,0
376,239,0
377,237,0
378,228,0
379,234,0
380,240,0
381,238,0
382,248,0
383,227,0
384,241,0
385,253,0
386,250,0
387,254,0
388,251,0
389,230,0
390,247,0
391,245,0
392,253,0
393,221,0
394,231,0
395,218,0
396,213,0
397,242,0
398,215,0
399,205,0
400,231,0
401,187,0
402,211,0
403,214,0
404,212,0
405,210,0
406,208,0
407,198,0
408,195,0
409,218,0
410,202,0
411,194,0
412,204,0
413,167,0
414,174,0
415,166,0
416,179,0
417,155,0
418,182,0
419,168,0
420,164,0
421,151,0
422,153,0
423,163,0
424,181,0
425,194,0
426,143,0
427,150,0
428,164,0
429,145,0
430,155,0
431,168,0
432,125,0
433,177,0
434,130,0
435,151,0
436,163,0
437,160,0
438,157,0
439,159,0
440,160,0
441,146,0
442,154,0
443,161,0
444,156,0
445,159,0
446,142,0
447,141,0
448,121,0
449,145,0
450,140,0
451,139,0
452,141,0
453,142,0
454,148,0
455,150,0
456,136,0
457,167,0
458,150,0
459,127,0
460,166,0
461,145,0
462,164,0
463,175,0
464,177,0
465,193,0
466,190,0
467,171,0
468,200,0
469,193,0
470,252,0
471,241,0
472,222,0
473,249,0
474,269,0
475,265,0
476,312,0
477,305,0
478,304,0
479,358,0
480,344,0
481,348,0
482,367,0
483,387,0
484,382,0
485,399,0
486,377,0
487,389,0
488,395,0
489,369,0
490,397,0
491,354,0
492,391,0
493,360,0
494,367,0
495,351,0
496,321,0
497,290,0
498,287,0
499,269,0
500,271,0
501,262,0
502,264,0
503,218,0
504,209,0
505,154,0
506,161,0
507,138,0
508,157,0
509,129,0
510,128,0
511,124,0
512,114,0
513,107,0
514,97,0
515,87,0
516,93,0
517,112,0
518,91,0
519,97,0
520,90,0
521,83,0
522,92,0
523,85,0
524,98,0
525,102,0
526,102,0
527,114,0
528,131,0
529,139,0
530,139,0
531,168,0
532,158,0
533,183,0
534,205,0
535,222,0
536,216,0
537,222,0
538,238,0
539,232,0
540,265,0
541,240,0
542,282,0
543,270,0
544,262,0
545,287,0
546,317,0
547,290,0
548,267,0
549,302,0
550,300,0
551,298,0
552,264,0
553,310,0
554,265,0
555,241,0
556,254,0
557,250,0
558,216,0
559,214,0
560,210,0
561,195,0
562,206,0
563,154,0
564,167,0
565,148,0
566,154,0
567,134,0
568,105,0
569,98,0
570,102,0
571,101,0
572,88,0
573,79,0
574,73,0
575,77,0
576,53,0
577,54,0
578,54,0
579,46,0
580,35,0
581,28,0
582,29,0
583,18,0
584,35,0
585,25,0
586,17,0
587,28,0
588,19,0
589,25,0
590,17,0
591,18,0
592,20,0
593,20,0
594,20,0
595,14,0
596,3,0
597,18,0
598,18,0
599,10,0
600,15,0
601,8,0
602,6,0
603,12,0
604,9,0
605,11,0
606,10,0
607,6,0
608,4,0
609,6,0
610,9,0
611,9,0
612,14,0
613,4,0
614,12,0
615,10,0
616,8,0
617,7,0
618,5,0
619,7,0
620,7,0
621,5,0
622,5,0
623,7,0
624,8,0
625,6,0
626,9,0
627,4,0
628,7,0
629,3,0
630,6,0
631,8,0
632,5,0
633,5,0
634,5,0
635,10,0
636,8,0
637,7,0
638,5,0
639,6,0
640,8,0
641,3,0
642,7,0
643,11,0
644,2,0
645,6,0
646,7,0
647,7,0
648,6,0
649,7,0
650,8,0
651,6,0
652,5,0
653,7,0
654,1,0
655,2,0
656,6,0
657,6,0
658,6,0
659,4,0
660,6,0
661,8,0
662,4,0
663,5,0
664,8,0
665,4,0
666,5,0
667,2,0
668,6,0
669,8,0
670,6,0
671,6,0
672,4,0
673,7,0
674,9,0
675,4,0
676,7,0
677,3,0
678,3,0
679,6,0
680,3,0
681,4,0
682,6,0
683,7,0
684,6,0
685,5,0
686,5,0
687,3,0
688,4,0
689,2,0
690,2,0
691,5,0
692,4,0
693,5,0
694,7,0
695,4,0
696,4,0
697,4,0
698,1,0
699,1,0
700,3,0
701,3,0
702,4,0
703,6,0
704,5,0
705,6,0
706,7,0
707,10,0
708,1,0
709,4,0
710,2,0
711,3,0
712,3,0
713,4,0
714,4,0
715,7,0
716,5,0
717,2,0
718,1,0
719,1,0
720,9,0
721,3,0
722,4,0
723,10,0
724,4,0
725,4,0
726,2,0
727,2,0
728,5,0
729,2,0
730,3,0
731,2,0
732,3,0
733,5,0
734,9,0
735,7,0
736,2,0
737,5,0
738,4,0
739,4,0
740,2,0
741,6,0
742,3,0
743,5,0
744,2,0
745,5,0
746,1,0
747,6,0
748,6,0
749,4,0
750,0,0
751,2,0
752,4,0
753,1,0
754,1,0
755,4,0
756,2,0
757,2,0
758,4,0
759,3,0
760,5,0
761,3,0
762,5,0
763,6,0
764,2,0
765,7,0
766,2,0
767,4,0
768,4,0
769,6,0
770,5,0
771,5,0
772,7,0
773,2,0
774,5,0
775,5,0
776,3,0
777,6,0
778,5,0
779,0,0
780,3,0
781,6,0
782,5,0
783,4,0
784,4,0
785,2,0
786,2,0
787,2,0
788,2,0
789,6,0
790,7,0
791,2,0
792,4,0
793,3,0
794,7,0
795,6,0
796,4,0
797,6,0
798,5,0
799,2,0
800,1,0
801,6,0
802,4,0
803,2,0
804,1,0
805,4,0
806,2,0
807,2,0
808,2,0
809,2,0
810,2,0
811,2,0
812,4,0
813,4,0
814,5,0
815,1,0
816,2,0
817,3,0
818,3,0
819,1,0
820,3,0
821,3,0
822,5,0
823,6,0
824,3,0
825,1,0
826,5,0
827,3,0
828,3,0
829,1,0
830,0,0
831,5,0
832,4,0
833,3,0
834,4,0
835,5,0
836,5,0
837,2,0
838,6,0
839,1,0
840,6,0
841,4,0
842,3,0
843,6,0
844,2,0
845,6,0
846,4,0
847,6,0
848,5,0
849,2,0
850,4,0
851,5,0
852,11,0
853,3,0
854,5,0
855,2,0
856,3,0
857,4,0
858,2,0
859,5,0
860,3,0
861,3,0
862,2,0
863,2,0
864,5,0
865,4,0
866,2,0
867,3,0
868,2,0
869,3,0
870,3,0
871,3,0
872,3,0
873,4,0
874,2,0
875,3,0
876,4,0
877,3,0
878,0,0
879,4,0
880,1,0
881,6,0
882,7,0
883,3,0
884,2,0
885,1,0
886,3,0
887,5,0
888,4,0
889,1,0
890,2,0
891,5,0
892,2,0
893,2,0
894,3,0
895,3,0
896,4,0
897,4,0
898,5,0
899,3,0
900,1,0
901,5,0
902,4,0
903,6,0
904,3,0
905,1,0
906,1,0
907,4,0
908,2,0
909,2,0
910,1,0
911,2,0
912,2,0
913,0,0
914,1,0
915,3,0
916,0,0
917,0,0
918,3,0
919,0,0
920,0,0
921,3,0
922,0,0
923,0,0
924,1,0
925,3,0
926,0,0
927,0,0
928,3,0
929,1,0
930,2,0
931,1,0
932,2,0
933,0,0
934,1,0
935,0,0
936,3,0
937,0,0
938,0,0
939,0,0
940,0,0
941,2,0
942,1,0
943,1,0
944,2,0
945,4,0
946,0,0
947,0,0
948,3,0
949,2,0
950,1,0
951,4,0
952,0,0
953,0,0
954,1,0
955,4,0
956,3,0
957,0,0
958,1,0
959,2,0
960,3,0
961,2,0
962,3,0
963,2,0
964,1,0
965,3,0
966,3,0
967,5,0
968,5,0
969,2,0
970,2,0
971,0,0
972,2,0
973,4,0
974,1,0
975,3,0
976,3,0
977,4,0
978,2,0
979,7,0
980,1,0
981,4,0
982,4,0
983,1,0
984,1,0
985,1,0
986,2,0
987,3,0
988,2,0
989,3,0
990,0,0
991,1,0
992,4,0
993,5,0
994,3,0
995,1,0
996,4,0
997,2,0
998,1,0
999,1,0
1000,2,0
1001,1,0
1002,2,0
1003,4,0
1004,1,0
1005,1,0
1006,0,0
1007,1,0
1008,0,0
1009,0,0
1010,2,0
1011,0,0
1012,1,0
1013,0,0
1014,0,0
1015,0,0
1016,0,0
1017,1,0
1018,0,0
1019,0,0
1020,0,0
1021,0,0
1022,2,0
1023,2,0
0,0,1
1,0,1
2,0,1
3,0,1
4,0,1
5,0,1
6,0,1
7,0,1
8,0,1
9,0,1
10,0,1
11,1,1
12,9,1
13,389,1
14,303,1
15,187,1
16,155,1
17,118,1
18,101,1
19,93,1
20,93,1
21,77,1
22,78,1
23,89,1
24,96,1
25,105,1
26,113,1
27,123,1
28,118,1
29,133,1
30,154,1
31,134,1
32,123,1
33,134,1
34,139,1
35,104,1
36,111,1
37,107,1
38,100,1
39,91,1
40,83,1
41,105,1
42,86,1
43,84,1
44,101,1
45,86,1
46,96,1
47,96,1
48,79,1
49,89,1
50,73,1
51,86,1
52,82,1
53,78,1
54,90,1
55,75,1
56,81,1
57,77,1
58,96,1
59,84,1
60,85,1
61,86,1
62,102,1
63,82,1
64,90,1
65,98,1
66,76,1
67,90,1
68,98,1
69,81,1
70,78,1
71,104,1
72,91,1
73,102,1
74,81,1
75,108,1
76,91,1
77,90,1
78,110,1
79,98,1
80,108,1
81,107,1
82,110,1
83,120,1
84,107,1
85,110,1
86,130,1
87,119,1
88,120,1
89,118,1
90,95,1
91,111,1
92,103,1
93,97,1
94,115,1
95,110,1
96,112,1
97,107,1
98,97,1
99,122,1
100,90,1
101,92,1
102,101,1
103,86,1
104,80,1
105,98,1
106,85,1
107,74,1
108,98,1
109,79,1
110,102,1
111,87,1
112,76,1
113,93,1
114,90,1
115,83,1
116,95,1
117,80,1
118,76,1
119,91,1
120,81,1
121,110,1
122,84,1
123,78,1
124,88,1
125,81,1
126,72,1
127,84,1
128,83,1
129,82,1
130,70,1
131,74,1
132,82,1
133,62,1
134,70,1
135,64,1
136,66,1
137,92,1
138,75,1
139,61,1
140,79,1
141,71,1
142,55,1
143,85,1
144,68,1
145,88,1
146,69,1
147,83,1
148,65,1
149,67,1
150,59,1
151,60,1
152,69,1
153,49,1
154,77,1
155,74,1
156,65,1
157,69,1
158,77,1
159,71,1
160,82,1
161,60,1
162,61,1
163,69,1
164,68,1
165,87,1
166,72,1
167,71,1
168,66,1
169,81,1
170,73,1
171,73,1
172,63,1
173,70,1
174,66,1
175,70,1
176,78,1
177,62,1
178,73,1
179,71,1
180,66,1
181,54,1
182,55,1
183,75,1
184,65,1
185,86,1
186,61,1
187,60,1
188,74,1
189,72,1
190,60,1
191,53,1
192,72,1
193,67,1
194,47,1
195,60,1
196,46,1
197,46,1
198,43,1
199,52,1
200,39,1
201,35,1
202,38,1
203,50,1
204,39,1
205,46,1
206,31,1
207,20,1
208,29,1
209,29,1
210,29,1
211,24,1
212,20,1
213,28,1
214,17,1
215,14,1
216,20,1
217,17,1
218,18,1
219,13,1
220,26,1
221,13,1
222,12,1
223,11,1
224,14,1
225,13,1
226,14,1
227,15,1
228,16,1
229,12,1
230,15,1
231,11,1
232,14,1
233,7,1
234,9,1
235,7,1
236,8,1
237,10,1
238,6,1
239,11,1
240,9,1
241,15,1
242,12,1
243,12,1
244,10,1
245,7,1
246,12,1
247,9,1
248,8,1
249,15,1
250,16,1
251,20,1
252,21,1
253,22,1
254,30,1
255,30,1
256,35,1
257,32,1
258,34,1
259,41,1
260,47,1
261,67,1
262,80,1
263,71,1
264,102,1
265,110,1
266,118,1
267,113,1
268,130,1
269,162,1
270,169,1
271,182,1
272,206,1
273,221,1
274,238,1
275,257,1
276,274,1
277,296,1
278,303,1
279,292,1
280,291,1
281,307,1
282,272,1
283,281,1
284,274,1
285,266,1
286,265,1
287,241,1
288,223,1
289,205,1
290,184,1
291,199,1
292,176,1
293,139,1
294,135,1
295,117,1
296,88,1
297,108,1
298,89,1
299,71,1
300,62,1
301,48,1
302,38,1
303,38,1
304,36,1
305,31,1
306,18,1
307,21,1
308,11,1
309,8,1
310,10,1
311,11,1
312,9,1
313,10,1
314,5,1
315,5,1
316,3,1
317,4,1
318,4,1
319,5,1
320,2,1
321,3,1
322,1,1
323,5,1
324,2,1
325,4,1
326,0,1
327,2,1
328,0,1
329,0,1
330,2,1
331,0,1
332,0,1
333,0,1
334,2,1
335,2,1
336,2,1
337,1,1
338,1,1
339,2,1
340,2,1
341,1,1
342,0,1
343,1,1
344,3,1
345,1,1
346,0,1
347,1,1
348,2,1
349,1,1
350,4,1
351,2,1
352,2,1
353,0,1
354,0,1
355,2,1
356,0,1
357,0,1
358,0,1
359,1,1
360,2,1
361,1,1
362,0,1
363,0,1
364,1,1
365,3,1
366,2,1
367,2,1
368,3,1
369,0,1
370,2,1
371,1,1
372,0,1
373,0,1
374,0,1
375,1,1
376,0,1
377,2,1
378,0,1
379,2,1
380,1,1
381,3,1
382,1,1
383,4,1
384,0,1
385,1,1
386,0,1
387,0,1
388,1,1
389,4,1
390,0,1
391,1,1
392,0,1
393,0,1
394,1,1
395,1,1
396,0,1
397,1,1
398,3,1
399,0,1
400,2,1
401,2,1
402,1,1
403,0,1
404,3,1
405,2,1
406,0,1
407,3,1
408,1,1
409,1,1
410,1,1
411,1,1
412,1,1
413,3,1
414,0,1
415,1,1
416,1,1
417,1,1
418,1,1
419,0,1
420,0,1
421,0,1
422,0,1
423,1,1
424,0,1
425,0,1
426,1,1
427,0,1
428,1,1
429,1,1
430,2,1
431,1,1
432,0,1
433,2,1
434,2,1
435,1,1
436,1,1
437,0,1
438,1,1
439,1,1
440,1,1
441,0,1
442,1,1
443,1,1
444,0,1
445,0,1
446,0,1
447,3,1
448,0,1
449,1,1
450,0,1
451,1,1
452,1,1
453,0,1
454,0,1
455,1,1
456,1,1
457,3,1
458,0,1
459,2,1
460,2,1
461,1,1
462,0,1
463,0,1
464,1,1
465,0,1
466,4,1
467,0,1
468,1,1
469,1,1
470,1,1
471,1,1
472,0,1
473,0,1
474,1,1
475,1,1
476,1,1
477,0,1
478,5,1
479,2,1
480,0,1
481,0,1
482,0,1
483,0,1
484,0,1
485,1,1
486,1,1
487,1,1
488,0,1
489,1,1
490,2,1
491,3,1
492,0,1
493,1,1
494,1,1
495,0,1
496,0,1
497,1,1
498,1,1
499,1,1
500,2,1
501,1,1
502,0,1
503,0,1
504,1,1
505,0,1
506,0,1
507,0,1
508,1,1
509,3,1
510,0,1
511,1,1
512,0,1
513,0,1
514,1,1
515,1,1
516,1,1
517,1,1
518,1,1
519,1,1
520,0,1
521,0,1
522,0,1
523,0,1
524,0,1
525,0,1
526,0,1
527,0,1
528,0,1
529,0,1
530,0,1
531,0,1
532,0,1
533,0,1
534,0,1
535,1,1
536,0,1
537,1,1
538,1,1
539,0,1
540,0,1
541,1,1
542,2,1
543,0,1
544,0,1
545,1,1
546,1,1
547,3,1
548,1,1
549,0,1
550,1,1
551,1,1
552,0,1
553,1,1
554,2,1
555,0,1
556,0,1
557,1,1
558,0,1
559,1,1
560,1,1
561,0,1
562,0,1
563,1,1
564,0,1
565,0,1
566,1,1
567,0,1
568,1,1
569,0,1
570,4,1
571,3,1
572,0,1
573,0,1
574,1,1
575,0,1
576,0,1
577,0,1
578,1,1
579,0,1
580,1,1
581,1,1
582,2,1
583,1,1
584,0,1
585,0,1
586,0,1
587,0,1
588,1,1
589,0,1
590,0,1
591,1,1
592,0,1
593,0,1
594,1,1
595,1,1
596,1,1
597,0,1
598,0,1
599,0,1
600,1,1
601,2,1
602,0,1
603,0,1
604,0,1
605,1,1
606,1,1
607,0,1
608,0,1
609,1,1
610,1,1
611,0,1
612,1,1
613,0,1
614,0,1
615,0,1
616,0,1
617,0,1
618,0,1
619,0,1
620,0,1
621,0,1
622,0,1
623,0,1
624,0,1
625,0,1
626,0,1
627,0,1
628,0,1
629,0,1
630,0,1
631,0,1
632,1,1
633,1,1
634,0,1
635,0,1
636,0,1
637,0,1
638,0,1
639,0,1
640,1,1
641,1,1
642,0,1
643,0,1
644,0,1
645,0,1
646,0,1
647,0,1
648,0,1
649,0,1
650,0,1
651,0,1
652,0,1
653,0,1
654,0,1
655,0,1
656,0,1
657,0,1
658,0,1
659,0,1
660,1,1
661,0,1
662,0,1
663,0,1
664,1,1
665,0,1
666,0,1
667,0,1
668,0,1
669,0,1
670,0,1
671,1,1
672,1,1
673,0,1
674,0,1
675,0,1
676,0,1
677,0,1
678,0,1
679,0,1
680,0,1
681,0,1
682,1,1
683,0,1
684,0,1
685,0,1
686,0,1
687,0,1
688,0,1
689,0,1
690,0,1
691,0,1
692,0,1
693,1,1
694,0,1
695,0,1
696,0,1
697,0,1
698,1,1
699,0,1
700,0,1
701,0,1
702,1,1
703,0,1
704,0,1
705,0,1
706,0,1
707,0,1
708,0,1
709,0,1
710,0,1
711,0,1
712,1,1
713,1,1
714,0,1
715,1,1
716,1,1
717,0,1
718,0,1
719,0,1
720,0,1
721,0,1
722,0,1
723,0,1
724,0,1
725,0,1
726,0,1
727,0,1
728,0,1
729,0,1
730,0,1
731,0,1
732,0,1
733,0,1
734,0,1
735,0,1
736,0,1
737,0,1
738,0,1
739,0,1
740,1,1
741,1,1
742,0,1
743,0,1
744,0,1
745,0,1
746,0,1
747,0,1
748,0,1
749,0,1
750,0,1
751,0,1
752,0,1
753,0,1
754,1,1
755,0,1
756,0,1
757,0,1
758,0,1
759,0,1
760,0,1
761,0,1
762,0,1
763,0,1
764,0,1
765,0,1
766,0,1
767,0,1
768,0,1
769,0,1
770,0,1
771,0,1
772,1,1
773,0,1
774,0,1
775,0,1
776,0,1
777,0,1
778,0,1
779,0,1
780,0,1
781,0,1
782,1,1
783,0,1
784,0,1
785,0,1
786,0,1
787,0,1
788,0,1
789,0,1
790,0,1
791,0,1
792,1,1
793,0,1
794,0,1
795,0,1
796,0,1
797,0,1
798,0,1
799,0,1
800,0,1
801,0,1
802,0,1
803,1,1
804,0,1
805,0,1
806,1,1
807,0,1
808,0,1
809,0,1
810,0,1
811,0,1
812,0,1
813,0,1
814,0,1
815,0,1
816,0,1
817,0,1
818,1,1
819,0,1
820,0,1
821,0,1
822,0,1
823,0,1
824,0,1
825,0,1
826,0,1
827,0,1
828,0,1
829,0,1
830,0,1
831,0,1
832,1,1
833,0,1
834,0,1
835,0,1
836,0,1
837,0,1
838,0,1
839,0,1
840,0,1
841,0,1
842,0,1
843,0,1
844,0,1
845,0,1
846,0,1
847,0,1
848,0,1
849,0,1
850,0,1
851,0,1
852,0,1
853,0,1
854,0,1
855,0,1
856,0,1
857,0,1
858,0,1
859,0,1
860,0,1
861,0,1
862,0,1
863,0,1
864,0,1
865,0,1
866,0,1
867,0,1
868,0,1
869,0,1
870,0,1
871,1,1
872,0,1
873,0,1
874,0,1
875,0,1
876,0,1
877,1,1
878,0,1
879,0,1
880,0,1
881,0,1
882,0,1
883,0,1
884,1,1
885,0,1
886,0,1
887,0,1
888,0,1
889,0,1
890,0,1
891,0,1
892,0,1
893,0,1
894,0,1
895,0,1
896,0,1
897,0,1
898,0,1
899,0,1
900,0,1
901,0,1
902,0,1
903,0,1
904,0,1
905,0,1
906,0,1
907,0,1
908,0,1
909,0,1
910,0,1
911,0,1
912,0,1
913,0,1
914,0,1
915,0,1
916,0,1
917,0,1
918,0,1
919,0,1
920,0,1
921,0,1
922,0,1
923,0,1
924,0,1
925,0,1
926,1,1
927,0,1
928,0,1
929,0,1
930,0,1
931,0,1
932,0,1
933,0,1
934,0,1
935,0,1
936,0,1
937,0,1
938,0,1
939,0,1
940,0,1
941,0,1
942,0,1
943,0,1
944,0,1
945,0,1
946,0,1
947,0,1
948,0,1
949,0,1
950,0,1
951,0,1
952,0,1
953,0,1
954,0,1
955,0,1
956,0,1
957,0,1
958,0,1
959,0,1
960,0,1
961,0,1
962,0,1
963,0,1
964,0,1
965,0,1
966,0,1
967,0,1
968,0,1
969,0,1
970,0,1
971,0,1
972,0,1
973,0,1
974,0,1
975,0,1
976,0,1
977,0,1
978,0,1
979,0,1
980,0,1
981,0,1
982,0,1
983,0,1
984,0,1
985,1,1
986,0,1
987,0,1
988,0,1
989,0,1
990,0,1
991,0,1
992,0,1
993,0,1
994,0,1
995,0,1
996,0,1
997,0,1
998,0,1
999,0,1
1000,0,1
1001,0,1
1002,0,1
1003,0,1
1004,0,1
1005,0,1
1006,0,1
1007,0,1
1008,0,1
1009,0,1
1010,0,1
1011,0,1
1012,0,1
1013,0,1
1014,0,1
1015,0,1
1016,0,1
1017,0,1
1018,0,1
1019,0,1
1020,0,1
1021,0,1
1022,0,1
1023,0,1
0,0,1
1,0,1
2,0,1
3,0,1
4,0,1
5,0,1
6,0,1
7,0,1
8,0,1
9,0,1
10,0,1
11,0,1
12,11,1
13,689,1
14,595,1
15,398,1
16,257,1
17,200,1
18,155,1
19,167,1
20,154,1
21,147,1
22,132,1
23,151,1
24,153,1
25,157,1
26,185,1
27,217,1
28,226,1
29,207,1
30,213,1
31,236,1
32,211,1
33,217,1
34,194,1
35,193,1
36,177,1
37,172,1
38,154,1
39,169,1
40,145,1
41,163,1
42,141,1
43,145,1
44,145,1
45,139,1
46,160,1
47,144,1
48,144,1
49,113,1
50,158,1
51,130,1
52,161,1
53,141,1
54,137,1
55,156,1
56,146,1
57,147,1
58,147,1
59,137,1
60,141,1
61,141,1
62,137,1
63,135,1
64,147,1
65,133,1
66,160,1
67,157,1
68,127,1
69,151,1
70,152,1
71,149,1
72,153,1
73,160,1
74,155,1
75,158,1
76,157,1
77,171,1
78,157,1
79,185,1
80,175,1
81,178,1
82,201,1
83,212,1
84,183,1
85,178,1
86,177,1
87,196,1
88,210,1
89,190,1
90,182,1
91,184,1
92,174,1
93,180,1
94,169,1
95,166,1
96,171,1
97,166,1
98,158,1
99,163,1
100,175,1
101,170,1
102,160,1
103,156,1
104,175,1
105,153,1
106,174,1
107,151,1
108,158,1
109,152,1
110,154,1
111,131,1
112,139,1
113,144,1
114,162,1
115,132,1
116,158,1
117,151,1
118,128,1
119,138,1
120,140,1
121,147,1
122,139,1
123,161,1
124,109,1
125,150,1
126,135,1
127,109,1
128,132,1
129,123,1
130,131,1
131,133,1
132,118,1
133,112,1
134,132,1
135,133,1
136,128,1
137,123,1
138,122,1
139,142,1
140,131,1
141,146,1
142,120,1
143,121,1
144,115,1
145,121,1
146,122,1
147,148,1
148,111,1
149,133,1
150,140,1
151,140,1
152,127,1
153,108,1
154,108,1
155,102,1
156,114,1
157,118,1
158,113,1
159,108,1
160,111,1
161,121,1
162,130,1
163,112,1
164,110,1
165,119,1
166,130,1
167,103,1
168,103,1
169,135,1
170,116,1
171,125,1
172,122,1
173,140,1
174,107,1
175,137,1
176,127,1
177,124,1
178,137,1
179,132,1
180,123,1
181,110,1
182,98,1
183,101,1
184,124,1
185,127,1
186,125,1
187,117,1
188,148,1
189,109,1
190,121,1
191,106,1
192,101,1
193,117,1
194,101,1
195,115,1
196,114,1
197,99,1
198,82,1
199,95,1
200,96,1
201,78,1
202,98,1
203,77,1
204,70,1
205,54,1
206,70,1
207,54,1
208,54,1
209,56,1
210,57,1
211,49,1
212,43,1
213,48,1
214,47,1
215,40,1
216,39,1
217,29,1
218,23,1
219,39,1
220,19,1
221,32,1
222,18,1
223,25,1
224,20,1
225,22,1
226,20,1
227,20,1
228,15,1
229,21,1
230,22,1
231,21,1
232,17,1
233,17,1
234,20,1
235,18,1
236,17,1
237,16,1
238,16,1
239,13,1
240,13,1
241,13,1
242,10,1
243,17,1
244,19,1
245,18,1
246,20,1
247,18,1
248,15,1
249,25,1
250,14,1
251,24,1
252,28,1
253,19,1
254,24,1
255,30,1
256,53,1
257,42,1
258,45,1
259,56,1
260,67,1
261,84,1
262,84,1
263,95,1
264,90,1
265,129,1
266,137,1
267,173,1
268,192,1
269,181,1
270,242,1
271,239,1
272,238,1
273,284,1
274,314,1
275,358,1
276,351,1
277,379,1
278,412,1
279,456,1
280,404,1
281,480,1
282,470,1
283,461,1
284,444,1
285,466,1
286,464,1
287,413,1
288,421,1
289,390,1
290,372,1
291,386,1
292,343,1
293,314,1
294,261,1
295,250,1
296,248,1
297,215,1
298,207,1
299,169,1
300,168,1
301,132,1
302,127,1
303,88,1
304,98,1
305,68,1
306,63,1
307,56,1
308,47,1
309,39,1
310,29,1
311,23,1
312,19,1
313,31,1
314,25,1
315,14,1
316,13,1
317,13,1
318,12,1
319,6,1
320,9,1
321,4,1
322,6,1
323,7,1
324,4,1
325,3,1
326,5,1
327,2,1
328,0,1
329,2,1
330,6,1
331,2,1
332,5,1
333,5,1
334,5,1
335,3,1
336,1,1
337,3,1
338,7,1
339,4,1
340,7,1
341,1,1
342,0,1
343,3,1
344,2,1
345,3,1
346,3,1
347,2,1
348,5,1
349,1,1
350,1,1
351,2,1
352,2,1
353,2,1
354,2,1
355,3,1
356,1,1
357,2,1
358,1,1
359,1,1
360,1,1
361,3,1
362,2,1
363,3,1
364,1,1
365,3,1
366,3,1
367,0,1
368,2,1
369,3,1
370,4,1
371,4,1
372,2,1
373,3,1
374,4,1
375,5,1
376,1,1
377,0,1
378,5,1
379,2,1
380,1,1
381,1,1
382,4,1
383,1,1
384,5,1
385,4,1
386,1,1
387,1,1
388,4,1
389,3,1
390,4,1
391,5,1
392,3,1
393,3,1
394,2,1
395,3,1
396,2,1
397,1,1
398,6,1
399,4,1
400,3,1
401,3,1
402,4,1
403,3,1
404,2,1
405,6,1
406,2,1
407,1,1
408,2,1
409,1,1
410,1,1
411,2,1
412,3,1
413,0,1
414,2,1
415,2,1
416,1,1
417,2,1
418,2,1
419,2,1
420,2,1
421,1,1
422,3,1
423,0,1
424,1,1
425,4,1
426,2,1
427,4,1
428,3,1
429,2,1
430,2,1
431,2,1
432,3,1
433,0,1
434,5,1
435,0,1
436,0,1
437,3,1
438,1,1
439,2,1
440,2,1
441,4,1
442,1,1
443,2,1
444,0,1
445,2,1
446,3,1
447,1,1
448,1,1
449,4,1
450,1,1
451,0,1
452,1,1
453,1,1
454,1,1
455,0,1
456,1,1
457,4,1
458,1,1
459,1,1
460,0,1
461,3,1
462,4,1
463,2,1
464,0,1
465,2,1
466,1,1
467,3,1
468,0,1
469,3,1
470,0,1
471,1,1
472,8,1
473,4,1
474,2,1
475,2,1
476,2,1
477,2,1
478,1,1
479,4,1
480,0,1
481,0,1
482,3,1
483,4,1
484,2,1
485,3,1
486,1,1
487,5,1
488,5,1
489,3,1
490,3,1
491,3,1
492,2,1
493,2,1
494,1,1
495,1,1
496,3,1
497,0,1
498,4,1
499,0,1
500,0,1
501,1,1
502,4,1
503,3,1
504,1,1
505,1,1
506,0,1
507,4,1
508,0,1
509,0,1
510,1,1
511,4,1
512,2,1
513,3,1
514,0,1
515,0,1
516,0,1
517,2,1
518,1,1
519,0,1
520,2,1
521,0,1
522,0,1
523,1,1
524,0,1
525,0,1
526,2,1
527,2,1
528,1,1
529,1,1
530,0,1
531,0,1
532,1,1
533,1,1
534,0,1
535,1,1
536,3,1
537,1,1
538,0,1
539,1,1
540,1,1
541,1,1
542,1,1
543,0,1
544,2,1
545,0,1
546,2,1
547,3,1
548,2,1
549,2,1
550,1,1
551,0,1
552,0,1
553,0,1
554,5,1
555,2,1
556,2,1
557,3,1
558,3,1
559,1,1
560,1,1
561,0,1
562,0,1
563,1,1
564,2,1
565,1,1
566,0,1
567,1,1
568,1,1
569,3,1
570,1,1
571,1,1
572,1,1
573,0,1
574,0,1
575,2,1
576,1,1
577,0,1
578,1,1
579,3,1
580,0,1
581,1,1
582,1,1
583,0,1
584,0,1
585,1,1
586,0,1
587,2,1
588,0,1
589,2,1
590,3,1
591,0,1
592,1,1
593,1,1
594,1,1
595,0,1
596,2,1
597,0,1
598,0,1
599,1,1
600,1,1
601,1,1
602,0,1
603,2,1
604,1,1
605,0,1
606,1,1
607,0,1
608,1,1
609,3,1
610,0,1
611,0,1
612,1,1
613,1,1
614,1,1
615,1,1
616,1,1
617,0,1
618,0,1
619,2,1
620,0,1
621,0,1
622,0,1
623,0,1
624,1,1
625,0,1
626,0,1
627,0,1
628,0,1
629,0,1
630,0,1
631,0,1
632,0,1
633,0,1
634,0,1
635,0,1
636,0,1
637,1,1
638,0,1
639,0,1
640,0,1
641,0,1
642,1,1
643,0,1
644,0,1
645,0,1
646,1,1
647,1,1
648,0,1
649,1,1
650,0,1
651,0,1
652,0,1
653,0,1
654,0,1
655,0,1
656,1,1
657,2,1
658,0,1
659,0,1
660,0,1
661,0,1
662,0,1
663,0,1
664,0,1
665,0,1
666,1,1
667,0,1
668,0,1
669,1,1
670,0,1
671,0,1
672,0,1
673,0,1
674,0,1
675,0,1
676,0,1
677,0,1
678,0,1
679,0,1
680,0,1
681,0,1
682,0,1
683,0,1
684,0,1
685,0,1
686,0,1
687,0,1
688,0,1
689,0,1
690,0,1
691,0,1
692,0,1
693,1,1
694,0,1
695,0,1
696,0,1
697,0,1
698,0,1
699,0,1
700,0,1
701,0,1
702,0,1
703,0,1
704,0,1
705,0,1
706,0,1
707,0,1
708,0,1
709,0,1
710,0,1
711,0,1
712,0,1
713,1,1
714,0,1
715,0,1
716,0,1
717,0,1
718,1,1
719,0,1
720,0,1
721,0,1
722,1,1
723,0,1
724,0,1
725,0,1
726,0,1
727,0,1
728,0,1
729,0,1
730,0,1
731,0,1
732,0,1
733,0,1
734,0,1
735,1,1
736,0,1
737,0,1
738,0,1
739,0,1
740,1,1
741,0,1
742,0,1
743,0,1
744,0,1
745,1,1
746,0,1
747,0,1
748,0,1
749,0,1
750,0,1
751,0,1
752,0,1
753,0,1
754,0,1
755,0,1
756,0,1
757,0,1
758,0,1
759,0,1
760,0,1
761,0,1
762,0,1
763,0,1
764,0,1
765,1,1
766,0,1
767,0,1
768,0,1
769,0,1
770,1,1
771,0,1
772,0,1
773,0,1
774,0,1
775,0,1
776,0,1
777,0,1
778,0,1
779,0,1
780,0,1
781,0,1
782,0,1
783,0,1
784,0,1
785,0,1
786,0,1
787,0,1
788,0,1
789,0,1
790,0,1
791,0,1
792,0,1
793,0,1
794,0,1
795,0,1
796,0,1
797,0,1
798,0,1
799,1,1
800,0,1
801,0,1
802,0,1
803,1,1
804,0,1
805,0,1
806,0,1
807,0,1
808,0,1
809,0,1
810,0,1
811,0,1
812,0,1
813,0,1
814,0,1
815,0,1
816,0,1
817,0,1
818,0,1
819,0,1
820,0,1
821,0,1
822,0,1
823,0,1
824,0,1
825,0,1
826,0,1
827,0,1
828,0,1
829,0,1
830,0,1
831,0,1
832,0,1
833,0,1
834,0,1
835,0,1
836,0,1
837,0,1
838,1,1
839,0,1
840,0,1
841,0,1
842,0,1
843,0,1
844,0,1
845,0,1
846,1,1
847,0,1
848,0,1
849,0,1
850,0,1
851,0,1
852,1,1
853,0,1
854,0,1
855,0,1
856,0,1
857,0,1
858,0,1
859,0,1
860,0,1
861,1,1
862,0,1
863,0,1
864,1,1
865,0,1
866,0,1
867,0,1
868,0,1
869,0,1
870,0,1
871,0,1
872,0,1
873,0,1
874,0,1
875,0,1
876,0,1
877,0,1
878,0,1
879,0,1
880,0,1
881,0,1
882,0,1
883,0,1
884,0,1
885,0,1
886,0,1
887,0,1
888,0,1
889,0,1
890,0,1
891,0,1
892,0,1
893,0,1
894,0,1
895,0,1
896,0,1
897,0,1
898,0,1
899,0,1
900,0,1
901,0,1
902,0,1
903,2,1
904,0,1
905,0,1
906,0,1
907,0,1
908,0,1
909,0,1
910,0,1
911,0,1
912,1,1
913,0,1
914,0,1
915,0,1
916,0,1
917,0,1
918,0,1
919,0,1
920,0,1
921,0,1
922,0,1
923,0,1
924,0,1
925,0,1
926,0,1
927,0,1
928,0,1
929,0,1
930,0,1
931,0,1
932,0,1
933,0,1
934,0,1
935,0,1
936,0,1
937,0,1
938,0,1
939,0,1
940,0,1
941,0,1
942,0,1
943,0,1
944,0,1
945,0,1
946,0,1
947,0,1
948,0,1
949,0,1
950,0,1
951,0,1
952,0,1
953,0,1
954,0,1
955,0,1
956,0,1
957,0,1
958,0,1
959,0,1
960,0,1
961,0,1
962,0,1
963,0,1
964,0,1
965,0,1
966,0,1
967,0,1
968,0,1
969,0,1
970,0,1
971,0,1
972,0,1
973,0,1
974,0,1
975,0,1
976,0,1
977,0,1
978,0,1
979,0,1
980,0,1
981,0,1
982,0,1
983,0,1
984,0,1
985,0,1
986,1,1
987,0,1
988,0,1
989,0,1
990,0,1
991,0,1
992,0,1
993,0,1
994,0,1
995,0,1
996,0,1
997,0,1
998,1,1
999,0,1
1000,0,1
1001,1,1
1002,0,1
1003,0,1
1004,0,1
1005,0,1
1006,0,1
1007,0,1
1008,0,1
1009,0,1
1010,0,1
1011,0,1
1012,0,1
1013,0,1
1014,0,1
1015,0,1
1016,0,1
1017,1,1
1018,0,1
1019,0,1
1020,0,1
1021,0,1
1022,0,1
1023,0,1
0,0,1
1,0,1
2,0,1
3,0,1
4,0,1
5,0,1
6,0,1
7,0,1
8,0,1
9,0,1
10,1,1
11,0,1
12,38,1
13,1290,1
14,997,1
15,689,1
16,475,1
17,352,1
18,336,1
19,307,1
20,287,1
21,217,1
22,282,1
23,286,1
24,334,1
25,338,1
26,328,1
27,342,1
28,349,1
29,404,1
30,393,1
31,415,1
32,365,1
33,346,1
34,349,1
35,311,1
36,299,1
37,289,1
38,280,1
39,239,1
40,249,1
41,250,1
42,245,1
43,241,1
44,264,1
45,238,1
46,239,1
47,234,1
48,251,1
49,258,1
50,249,1
51,271,1
52,240,1
53,210,1
54,274,1
55,227,1
56,249,1
57,252,1
58,237,1
59,265,1
60,248,1
61,233,1
62,229,1
63,254,1
64,262,1
65,239,1
66,242,1
67,257,1
68,224,1
69,277,1
70,235,1
71,284,1
72,276,1
73,261,1
74,270,1
75,286,1
76,307,1
77,313,1
78,309,1
79,320,1
80,327,1
81,339,1
82,352,1
83,386,1
84,331,1
85,366,1
86,358,1
87,360,1
88,340,1
89,378,1
90,312,1
91,330,1
92,353,1
93,330,1
94,354,1
95,312,1
96,304,1
97,329,1
98,322,1
99,303,1
100,356,1
101,312,1
102,314,1
103,311,1
104,303,1
105,296,1
106,280,1
107,300,1
108,303,1
109,309,1
110,296,1
111,288,1
112,283,1
113,263,1
114,331,1
115,280,1
116,293,1
117,246,1
118,287,1
119,263,1
120,256,1
121,227,1
122,239,1
123,247,1
124,253,1
125,270,1
126,241,1
127,250,1
128,242,1
129,234,1
130,260,1
131,235,1
132,245,1
133,264,1
134,250,1
135,233,1
136,234,1
137,244,1
138,210,1
139,249,1
140,242,1
141,214,1
142,220,1
143,231,1
144,221,1
145,218,1
146,223,1
147,221,1
148,238,1
149,201,1
150,246,1
151,240,1
152,219,1
153,222,1
154,217,1
155,232,1
156,218,1
157,236,1
158,205,1
159,228,1
160,247,1
161,215,1
162,222,1
163,221,1
164,207,1
165,202,1
166,239,1
167,241,1
168,235,1
169,223,1
170,230,1
171,209,1
172,224,1
173,218,1
174,227,1
175,205,1
176,252,1
177,226,1
178,260,1
179,236,1
180,231,1
181,233,1
182,228,1
183,239,1
184,235,1
185,218,1
186,210,1
187,228,1
188,221,1
189,206,1
190,226,1
191,207,1
192,185,1
193,223,1
194,188,1
195,201,1
196,186,1
197,193,1
198,188,1
199,134,1
200,158,1
201,131,1
202,132,1
203,136,1
204,113,1
205,111,1
206,108,1
207,96,1
208,85,1
209,95,1
210,68,1
211,74,1
212,69,1
213,58,1
214,66,1
215,62,1
216,51,1
217,59,1
218,46,1
219,57,1
220,38,1
221,45,1
222,54,1
223,46,1
224,37,1
225,31,1
226,38,1
227,32,1
228,38,1
229,30,1
230,42,1
231,26,1
232,30,1
233,23,1
234,31,1
235,39,1
236,27,1
237,30,1
238,29,1
239,34,1
240,28,1
241,27,1
242,31,1
243,35,1
244,29,1
245,21,1
246,35,1
247,41,1
248,40,1
249,40,1
250,52,1
251,59,1
252,68,1
253,74,1
254,75,1
255,92,1
256,90,1
257,89,1
258,113,1
259,146,1
260,167,1
261,214,1
262,225,1
263,271,1
264,273,1
265,333,1
266,354,1
267,421,1
268,463,1
269,485,1
270,545,1
271,589,1
272,639,1
273,702,1
274,741,1
275,740,1
276,797,1
277,832,1
278,879,1
279,876,1
280,930,1
281,912,1
282,894,1
283,903,1
284,895,1
285,830,1
286,810,1
287,760,1
288,784,1
289,741,1
290,684,1
291,605,1
292,542,1
293,480,1
294,462,1
295,437,1
296,374,1
297,355,1
298,283,1
299,223,1
300,215,1
301,197,1
302,160,1
303,137,1
304,111,1
305,100,1
306,86,1
307,59,1
308,71,1
309,63,1
310,52,1
311,35,1
312,27,1
313,24,1
314,19,1
315,19,1
316,6,1
317,16,1
318,11,1
319,9,1
320,11,1
321,6,1
322,6,1
323,4,1
324,4,1
325,7,1
326,5,1
327,1,1
328,3,1
329,2,1
330,3,1
331,1,1
332,3,1
333,3,1
334,3,1
335,3,1
336,4,1
337,3,1
338,1,1
339,4,1
340,1,1
341,7,1
342,1,1
343,1,1
344,1,1
345,0,1
346,4,1
347,3,1
348,2,1
349,0,1
350,1,1
351,0,1
352,3,1
353,3,1
354,1,1
355,1,1
356,0,1
357,4,1
358,4,1
359,3,1
360,1,1
361,3,1
362,3,1
363,1,1
364,1,1
365,3,1
366,0,1
367,3,1
368,5,1
369,3,1
370,1,1
371,1,1
372,3,1
373,3,1
374,2,1
375,1,1
376,2,1
377,2,1
378,4,1
379,1,1
380,1,1
381,2,1
382,2,1
383,1,1
384,2,1
385,3,1
386,1,1
387,0,1
388,1,1
389,1,1
390,3,1
391,1,1
392,2,1
393,3,1
394,1,1
395,2,1
396,3,1
397,2,1
398,0,1
399,0,1
400,3,1
401,3,1
402,1,1
403,2,1
404,1,1
405,3,1
406,2,1
407,0,1
408,1,1
409,1,1
410,0,1
411,2,1
412,0,1
413,1,1
414,4,1
415,0,1
416,2,1
417,1,1
418,0,1
419,1,1
420,1,1
421,2,1
422,3,1
423,1,1
424,5,1
425,0,1
426,0,1
427,0,1
428,4,1
429,0,1
430,3,1
431,2,1
432,2,1
433,1,1
434,0,1
435,2,1
436,2,1
437,1,1
438,0,1
439,0,1
440,0,1
441,0,1
442,0,1
443,2,1
444,0,1
445,1,1
446,2,1
447,1,1
448,0,1
449,2,1
450,1,1
451,0,1
452,1,1
453,3,1
454,0,1
455,0,1
456,0,1
457,0,1
458,1,1
459,1,1
460,1,1
461,1,1
462,3,1
463,0,1
464,1,1
465,0,1
466,1,1
467,2,1
468,0,1
469,2,1
470,3,1
471,1,1
472,0,1
473,1,1
474,2,1
475,2,1
476,1,1
477,0,1
478,0,1
479,1,1
480,3,1
481,4,1
482,4,1
483,0,1
484,2,1
485,2,1
486,3,1
487,2,1
488,3,1
489,1,1
490,1,1
491,1,1
492,0,1
493,2,1
494,0,1
495,2,1
496,2,1
497,3,1
498,2,1
499,2,1
500,1,1
501,3,1
502,1,1
503,0,1
504,1,1
505,2,1
506,1,1
507,0,1
508,1,1
509,2,1
510,3,1
511,1,1
512,0,1
513,1,1
514,1,1
515,0,1
516,1,1
517,2,1
518,1,1
519,1,1
520,1,1
521,3,1
522,0,1
523,1,1
524,0,1
525,0,1
526,2,1
527,0,1
528,1,1
529,1,1
530,1,1
531,1,1
532,2,1
533,0,1
534,1,1
535,1,1
536,2,1
537,2,1
538,1,1
539,0,1
540,3,1
541,2,1
542,1,1
543,0,1
544,2,1
545,0,1
546,2,1
547,1,1
548,1,1
549,1,1
550,1,1
551,1,1
552,3,1
553,1,1
554,0,1
555,0,1
556,3,1
557,0,1
558,1,1
559,0,1
560,0,1
561,2,1
562,1,1
563,2,1
564,1,1
565,0,1
566,2,1
567,0,1
568,0,1
569,1,1
570,1,1
571,0,1
572,0,1
573,1,1
574,0,1
575,0,1
576,1,1
577,1,1
578,1,1
579,1,1
580,1,1
581,0,1
582,2,1
583,0,1
584,0,1
585,1,1
586,1,1
587,1,1
588,1,1
589,0,1
590,1,1
591,0,1
592,0,1
593,0,1
594,1,1
595,0,1
596,1,1
597,0,1
598,0,1
599,0,1
600,0,1
601,0,1
602,0,1
603,0,1
604,0,1
605,0,1
606,1,1
607,0,1
608,1,1
609,0,1
610,3,1
611,0,1
612,0,1
613,0,1
614,0,1
615,0,1
616,0,1
617,0,1
618,0,1
619,0,1
620,0,1
621,0,1
622,0,1
623,0,1
624,0,1
625,1,1
626,0,1
627,1,1
628,0,1
629,1,1
630,0,1
631,0,1
632,0,1
633,0,1
634,0,1
635,0,1
636,0,1
637,0,1
638,0,1
639,0,1
640,0,1
641,0,1
642,0,1
643,0,1
644,0,1
645,0,1
646,0,1
647,0,1
648,0,1
649,0,1
650,0,1
651,0,1
652,0,1
653,0,1
654,0,1
655,0,1
656,0,1
657,0,1
658,0,1
659,0,1
660,0,1
661,0,1
662,0,1
663,1,1
664,0,1
665,0,1
666,0,1
667,0,1
668,0,1
669,0,1
670,1,1
671,0,1
672,0,1
673,0,1
674,0,1
675,0,1
676,0,1
677,0,1
678,0,1
679,0,1
680,0,1
681,0,1
682,0,1
683,0,1
684,0,1
685,0,1
686,0,1
687,0,1
688,0,1
689,0,1
690,0,1
691,0,1
692,0,1
693,0,1
694,0,1
695,0,1
696,0,1
697,0,1
698,0,1
699,0,1
700,0,1
701,0,1
702,0,1
703,0,1
704,0,1
705,0,1
706,0,1
707,0,1
708,1,1
709,0,1
710,0,1
711,0,1
712,0,1
713,0,1
714,0,1
715,0,1
716,0,1
717,0,1
718,0,1
719,0,1
720,0,1
721,0,1
722,0,1
723,0,1
724,0,1
725,0,1
726,0,1
727,0,1
728,0,1
729,0,1
730,0,1
731,0,1
732,0,1
733,0,1
734,0,1
735,0,1
736,0,1
737,0,1
738,0,1
739,0,1
740,0,1
741,0,1
742,0,1
743,1,1
744,0,1
745,0,1
746,0,1
747,0,1
748,0,1
749,0,1
750,1,1
751,0,1
752,0,1
753,0,1
754,0,1
755,0,1
756,0,1
757,0,1
758,0,1
759,0,1
760,0,1
761,0,1
762,0,1
763,0,1
764,0,1
765,0,1
766,0,1
767,0,1
768,0,1
769,0,1
770,0,1
771,0,1
772,0,1
773,0,1
774,1,1
775,0,1
776,0,1
777,0,1
778,0,1
779,0,1
780,0,1
781,0,1
782,0,1
783,0,1
784,0,1
785,0,1
786,0,1
787,0,1
788,0,1
789,0,1
790,0,1
791,0,1
792,0,1
793,0,1
794,0,1
795,0,1
796,0,1
797,0,1
798,0,1
799,0,1
800,0,1
801,0,1
802,0,1
803,0,1
804,0,1
805,0,1
806,0,1
807,0,1
808,0,1
809,0,1
810,0,1
811,0,1
812,0,1
813,0,1
814,0,1
815,0,1
816,0,1
817,0,1
818,0,1
819,0,1
820,0,1
821,0,1
822,0,1
823,0,1
824,0,1
825,0,1
826,0,1
827,0,1
828,0,1
829,0,1
830,0,1
831,0,1
832,0,1
833,0,1
834,0,1
835,0,1
836,0,1
837,0,1
838,0,1
839,0,1
840,0,1
841,0,1
842,0,1
843,0,1
844,0,1
845,0,1
846,0,1
847,0,1
848,1,1
849,0,1
850,0,1
851,0,1
852,0,1
853,0,1
854,0,1
855,0,1
856,0,1
857,0,1
858,0,1
859,0,1
860,0,1
861,0,1
862,0,1
863,0,1
864,0,1
865,0,1
866,0,1
867,0,1
868,0,1
869,0,1
870,0,1
871,0,1
872,1,1
873,0,1
874,0,1
875,0,1
876,0,1
877,0,1
878,0,1
879,0,1
880,0,1
881,0,1
882,0,1
883,0,1
884,0,1
885,0,1
886,0,1
887,0,1
888,0,1
889,0,1
890,0,1
891,0,1
892,1,1
893,0,1
894,0,1
895,0,1
896,0,1
897,0,1
898,0,1
899,0,1
900,0,1
901,0,1
902,0,1
903,0,1
904,0,1
905,0,1
906,0,1
907,0,1
908,0,1
909,0,1
910,0,1
911,0,1
912,0,1
913,0,1
914,0,1
915,0,1
916,0,1
917,0,1
918,0,1
919,0,1
920,0,1
921,0,1
922,0,1
923,0,1
924,0,1
925,0,1
926,0,1
927,0,1
928,0,1
929,0,1
930,0,1
931,0,1
932,0,1
933,0,1
934,0,1
935,0,1
936,1,1
937,0,1
938,0,1
939,0,1
940,0,1
941,0,1
942,0,1
943,0,1
944,0,1
945,0,1
946,0,1
947,0,1
948,0,1
949,0,1
950,0,1
951,0,1
952,0,1
953,0,1
954,0,1
955,0,1
956,0,1
957,0,1
958,0,1
959,0,1
960,0,1
961,0,1
962,0,1
963,0,1
964,0,1
965,0,1
966,0,1
967,0,1
968,0,1
969,0,1
970,1,1
971,0,1
972,0,1
973,0,1
974,0,1
975,0,1
976,0,1
977,0,1
978,0,1
979,0,1
980,0,1
981,0,1
982,0,1
983,0,1
984,0,1
985,1,1
986,0,1
987,0,1
988,0,1
989,0,1
990,0,1
991,0,1
992,0,1
993,0,1
994,0,1
995,0,1
996,0,1
997,0,1
998,0,1
999,0,1
1000,0,1
1001,0,1
1002,0,1
1003,0,1
1004,0,1
1005,0,1
1006,0,1
1007,0,1
1008,0,1
1009,0,1
1010,0,1
1011,0,1
1012,0,1
1013,0,1
1014,0,1
1015,0,1
1016,0,1
1017,0,1
1018,0,1
1019,0,1
1020,0,1
1021,1,1
1022,0,1
1023,0,1
0,0,1
1,0,1
2,0,1
3,0,1
4,0,1
5,0,1
6,0,1
7,0,1
8,0,1
9,0,1
10,2,1
11,1,1
12,84,1
13,2739,1
14,2223,1
15,1378,1
16,980,1
17,736,1
18,641,1
19,639,1
20,613,1
21,621,1
22,562,1
23,576,1
24,573,1
25,620,1
26,671,1
27,739,1
28,785,1
29,782,1
30,741,1
31,792,1
32,750,1
33,660,1
34,706,1
35,666,1
36,575,1
37,571,1
38,511,1
39,493,1
40,492,1
41,575,1
42,499,1
43,574,1
44,513,1
45,499,1
46,519,1
47,511,1
48,501,1
49,485,1
50,520,1
51,522,1
52,517,1
53,485,1
54,486,1
55,504,1
56,484,1
57,547,1
58,518,1
59,499,1
60,504,1
61,501,1
62,476,1
63,517,1
64,487,1
65,514,1
66,523,1
67,514,1
68,507,1
69,530,1
70,564,1
71,529,1
72,530,1
73,555,1
74,628,1
75,581,1
76,602,1
77,648,1
78,621,1
79,668,1
80,664,1
81,734,1
82,759,1
83,748,1
84,801,1
85,739,1
86,712,1
87,744,1
88,718,1
89,717,1
90,733,1
91,728,1
92,684,1
93,688,1
94,705,1
95,706,1
96,701,1
97,630,1
98,675,1
99,688,1
100,679,1
101,611,1
102,653,1
103,605,1
104,602,1
105,635,1
106,572,1
107,560,1
108,580,1
109,562,1
110,550,1
111,606,1
112,552,1
113,567,1
114,541,1
115,549,1
116,546,1
117,516,1
118,502,1
119,480,1
120,524,1
121,489,1
122,521,1
123,476,1
124,508,1
125,476,1
126,515,1
127,459,1
128,499,1
129,503,1
130,494,1
131,456,1
132,483,1
133,455,1
134,451,1
135,480,1
136,465,1
137,481,1
138,495,1
139,438,1
140,430,1
141,406,1
142,403,1
143,444,1
144,444,1
145,423,1
146,401,1
147,464,1
148,424,1
149,425,1
150,450,1
151,423,1
152,394,1
153,440,1
154,452,1
155,423,1
156,420,1
157,434,1
158,436,1
159,391,1
160,433,1
161,418,1
162,407,1
163,416,1
164,406,1
165,426,1
166,387,1
167,429,1
168,429,1
169,483,1
170,457,1
171,422,1
172,412,1
173,428,1
174,438,1
175,422,1
176,456,1
177,447,1
178,444,1
179,422,1
180,450,1
181,420,1
182,463,1
183,428,1
184,423,1
185,445,1
186,433,1
187,432,1
188,402,1
189,470,1
190,462,1
191,428,1
192,454,1
193,417,1
194,374,1
195,377,1
196,389,1
197,380,1
198,360,1
199,337,1
200,284,1
201,269,1
202,247,1
203,283,1
204,267,1
205,234,1
206,211,1
207,201,1
208,204,1
209,185,1
210,137,1
211,156,1
212,135,1
213,140,1
214,122,1
215,103,1
216,125,1
217,83,1
218,105,1
219,75,1
220,85,1
221,79,1
222,74,1
223,71,1
224,69,1
225,72,1
226,75,1
227,60,1
228,67,1
229,54,1
230,56,1
231,62,1
232,50,1
233,54,1
234,45,1
235,47,1
236,43,1
237,45,1
238,54,1
239,53,1
240,46,1
241,53,1
242,48,1
243,45,1
244,56,1
245,54,1
246,46,1
247,59,1
248,56,1
249,55,1
250,78,1
251,78,1
252,89,1
253,83,1
254,107,1
255,122,1
256,144,1
257,160,1
258,189,1
259,224,1
260,249,1
261,281,1
262,324,1
263,380,1
264,445,1
265,508,1
266,586,1
267,630,1
268,714,1
269,837,1
270,906,1
271,968,1
272,1110,1
273,1202,1
274,1298,1
275,1407,1
276,1518,1
277,1546,1
278,1613,1
279,1717,1
280,1719,1
281,1800,1
282,1788,1
283,1761,1
284,1764,1
285,1754,1
286,1770,1
287,1704,1
288,1629,1
289,1531,1
290,1477,1
291,1376,1
292,1350,1
293,1175,1
294,1073,1
295,998,1
296,912,1
297,764,1
298,721,1
299,590,1
300,559,1
301,463,1
302,384,1
303,349,1
304,350,1
305,251,1
306,224,1
307,186,1
308,176,1
309,134,1
310,127,1
311,105,1
312,67,1
313,62,1
314,61,1
315,44,1
316,48,1
317,24,1
318,28,1
319,25,1
320,22,1
321,26,1
322,10,1
323,13,1
324,10,1
325,11,1
326,14,1
327,13,1
328,9,1
329,10,1
330,5,1
331,2,1
332,8,1
333,6,1
334,4,1
335,4,1
336,6,1
337,4,1
338,2,1
339,5,1
340,7,1
341,3,1
342,8,1
343,1,1
344,6,1
345,5,1
346,6,1
347,5,1
348,5,1
349,3,1
350,5,1
351,4,1
352,2,1
353,10,1
354,6,1
355,2,1
356,3,1
357,4,1
358,8,1
359,3,1
360,2,1
361,6,1
362,6,1
363,2,1
364,1,1
365,3,1
366,7,1
367,5,1
368,5,1
369,2,1
370,0,1
371,6,1
372,3,1
373,2,1
374,3,1
375,3,1
376,4,1
377,7,1
378,2,1
379,2,1
380,8,1
381,4,1
382,6,1
383,5,1
384,6,1
385,3,1
386,7,1
387,4,1
388,3,1
389,5,1
390,2,1
391,4,1
392,1,1
393,0,1
394,3,1
395,4,1
396,0,1
397,4,1
398,4,1
399,2,1
400,4,1
401,2,1
402,1,1
403,2,1
404,3,1
405,3,1
406,2,1
407,3,1
408,1,1
409,4,1
410,1,1
411,1,1
412,1,1
413,2,1
414,4,1
415,4,1
416,3,1
417,3,1
418,4,1
419,3,1
420,3,1
421,2,1
422,3,1
423,2,1
424,4,1
425,3,1
426,2,1
427,0,1
428,4,1
429,2,1
430,1,1
431,1,1
432,3,1
433,5,1
434,3,1
435,6,1
436,1,1
437,1,1
438,1,1
439,2,1
440,2,1
441,2,1
442,2,1
443,2,1
444,0,1
445,1,1
446,3,1
447,2,1
448,3,1
449,3,1
450,2,1
451,5,1
452,2,1
453,1,1
454,1,1
455,2,1
456,2,1
457,4,1
458,4,1
459,2,1
460,4,1
461,3,1
462,2,1
463,2,1
464,1,1
465,2,1
466,1,1
467,3,1
468,1,1
469,1,1
470,2,1
471,3,1
472,3,1
473,4,1
474,4,1
475,1,1
476,8,1
477,2,1
478,0,1
479,0,1
480,2,1
481,6,1
482,3,1
483,3,1
484,0,1
485,1,1
486,3,1
487,2,1
488,3,1
489,1,1
490,2,1
491,3,1
492,4,1
493,2,1
494,1,1
495,3,1
496,0,1
497,4,1
498,2,1
499,3,1
500,2,1
501,2,1
502,3,1
503,0,1
504,4,1
505,3,1
506,1,1
507,1,1
508,1,1
509,0,1
510,3,1
511,0,1
512,0,1
513,1,1
514,1,1
515,2,1
516,2,1
517,1,1
518,3,1
519,0,1
520,3,1
521,0,1
522,0,1
523,0,1
524,0,1
525,1,1
526,2,1
527,2,1
528,0,1
529,1,1
530,0,1
531,0,1
532,4,1
533,1,1
534,2,1
535,1,1
536,0,1
537,1,1
538,4,1
539,2,1
540,3,1
541,3,1
542,1,1
543,2,1
544,1,1
545,0,1
546,1,1
547,3,1
548,2,1
549,2,1
550,3,1
551,2,1
552,0,1
553,2,1
554,2,1
555,2,1
556,4,1
557,1,1
558,0,1
559,1,1
560,2,1
561,1,1
562,1,1
563,2,1
564,0,1
565,1,1
566,0,1
567,4,1
568,0,1
569,1,1
570,0,1
571,1,1
572,2,1
573,2,1
574,1,1
575,1,1
576,1,1
577,0,1
578,1,1
579,0,1
580,1,1
581,0,1
582,2,1
583,0,1
584,1,1
585,0,1
586,2,1
587,3,1
588,2,1
589,1,1
590,0,1
591,0,1
592,1,1
593,1,1
594,0,1
595,1,1
596,1,1
597,0,1
598,2,1
599,0,1
600,1,1
601,0,1
602,0,1
603,0,1
604,4,1
605,0,1
606,3,1
607,1,1
608,2,1
609,1,1
610,2,1
611,0,1
612,0,1
613,1,1
614,0,1
615,1,1
616,0,1
617,0,1
618,0,1
619,0,1
620,2,1
621,1,1
622,0,1
623,0,1
624,0,1
625,0,1
626,1,1
627,0,1
628,0,1
629,0,1
630,0,1
631,0,1
632,1,1
633,0,1
634,1,1
635,0,1
636,1,1
637,0,1
638,0,1
639,0,1
640,0,1
641,0,1
642,0,1
643,0,1
644,0,1
645,1,1
646,0,1
647,1,1
648,0,1
649,0,1
650,0,1
651,0,1
652,0,1
653,0,1
654,0,1
655,1,1
656,0,1
657,0,1
658,1,1
659,0,1
660,0,1
661,2,1
662,0,1
663,0,1
664,1,1
665,0,1
666,0,1
667,0,1
668,0,1
669,0,1
670,0,1
671,0,1
672,0,1
673,0,1
674,0,1
675,0,1
676,0,1
677,1,1
678,0,1
679,0,1
680,0,1
681,0,1
682,0,1
683,0,1
684,1,1
685,2,1
686,0,1
687,1,1
688,0,1
689,0,1
690,0,1
691,1,1
692,1,1
693,0,1
694,0,1
695,0,1
696,1,1
697,0,1
698,0,1
699,0,1
700,3,1
701,0,1
702,0,1
703,0,1
704,0,1
705,0,1
706,0,1
707,0,1
708,0,1
709,0,1
710,0,1
711,0,1
712,0,1
713,0,1
714,0,1
715,0,1
716,0,1
717,0,1
718,1,1
719,0,1
720,1,1
721,0,1
722,0,1
723,0,1
724,0,1
725,0,1
726,0,1
727,0,1
728,0,1
729,0,1
730,0,1
731,0,1
732,0,1
733,0,1
734,0,1
735,0,1
736,0,1
737,0,1
738,0,1
739,0,1
740,0,1
741,1,1
742,0,1
743,1,1
744,0,1
745,0,1
746,0,1
747,0,1
748,0,1
749,0,1
750,0,1
751,0,1
752,0,1
753,0,1
754,0,1
755,1,1
756,0,1
757,0,1
758,0,1
759,0,1
760,1,1
761,0,1
762,0,1
763,0,1
764,0,1
765,0,1
766,0,1
767,0,1
768,0,1
769,0,1
770,0,1
771,1,1
772,0,1
773,1,1
774,0,1
775,0,1
776,0,1
777,0,1
778,0,1
779,0,1
780,1,1
781,0,1
782,1,1
783,0,1
784,0,1
785,0,1
786,0,1
787,0,1
788,0,1
789,0,1
790,0,1
791,0,1
792,0,1
793,0,1
794,1,1
795,1,1
796,0,1
797,0,1
798,0,1
799,0,1
800,0,1
801,0,1
802,0,1
803,0,1
804,0,1
805,0,1
806,0,1
807,0,1
808,0,1
809,0,1
810,0,1
811,0,1
812,0,1
813,0,1
814,0,1
815,0,1
816,0,1
817,0,1
818,1,1
819,0,1
820,0,1
821,0,1
822,0,1
823,0,1
824,0,1
825,0,1
826,0,1
827,0,1
828,0,1
829,0,1
830,0,1
831,1,1
832,0,1
833,0,1
834,0,1
835,1,1
836,0,1
837,0,1
838,0,1
839,0,1
840,0,1
841,0,1
842,0,1
843,0,1
844,1,1
845,0,1
846,0,1
847,0,1
848,0,1
849,0,1
850,1,1
851,0,1
852,0,1
853,1,1
854,0,1
855,0,1
856,0,1
857,0,1
858,0,1
859,0,1
860,0,1
861,0,1
862,1,1
863,0,1
864,0,1
865,0,1
866,0,1
867,0,1
868,1,1
869,0,1
870,0,1
871,0,1
872,0,1
873,0,1
874,0,1
875,0,1
876,0,1
877,0,1
878,0,1
879,0,1
880,0,1
881,0,1
882,0,1
883,0,1
884,0,1
885,0,1
886,0,1
887,1,1
888,0,1
889,0,1
890,0,1
891,0,1
892,0,1
893,0,1
894,0,1
895,1,1
896,0,1
897,0,1
898,0,1
899,0,1
900,1,1
901,0,1
902,1,1
903,0,1
904,0,1
905,0,1
906,0,1
907,0,1
908,0,1
909,0,1
910,0,1
911,0,1
912,0,1
913,0,1
914,1,1
915,0,1
916,0,1
917,0,1
918,0,1
919,0,1
920,1,1
921,0,1
922,0,1
923,0,1
924,0,1
925,0,1
926,0,1
927,0,1
928,0,1
929,1,1
930,0,1
931,0,1
932,0,1
933,0,1
934,0,1
935,0,1
936,0,1
937,0,1
938,0,1
939,0,1
940,0,1
941,0,1
942,0,1
943,0,1
944,0,1
945,0,1
946,0,1
947,0,1
948,0,1
949,0,1
950,0,1
951,0,1
952,0,1
953,0,1
954,1,1
955,0,1
956,0,1
957,0,1
958,0,1
959,0,1
960,0,1
961,0,1
962,0,1
963,0,1
964,0,1
965,0,1
966,0,1
967,1,1
968,0,1
969,0,1
970,0,1
971,0,1
972,0,1
973,0,1
974,0,1
975,0,1
976,0,1
977,0,1
978,0,1
979,0,1
980,0,1
981,0,1
982,0,1
983,0,1
984,0,1
985,0,1
986,0,1
987,0,1
988,0,1
989,0,1
990,0,1
991,1,1
992,0,1
993,0,1
994,0,1
995,0,1
996,0,1
997,1,1
998,0,1
999,0,1
1000,0,1
1001,0,1
1002,0,1
1003,0,1
1004,0,1
1005,0,1
1006,0,1
1007,0,1
1008,0,1
1009,0,1
1010,0,1
1011,0,1
1012,0,1
1013,0,1
1014,0,1
1015,0,1
1016,0,1
1017,0,1
1018,0,1
1019,0,1
1020,0,1
1021,1,1
1022,0,1
1023,0,1
